fecha;Período;Meses;EMAE Original;A -  Agricultura, ganadería, caza y silvicultura ;D - Industria manufacturera;F - Construcción;"proxy ""EMAE""";"Proxy ""agro""";Proxy Industria;Proxy construcción;"Proxy ""EMAE"" (promedio mensual)";"Proxy ""agro"" (promedio mensual)";Proxy Industria (promedio mensual);Proxy construcción (promedio mensual);EMAE desestacionalizado;"""AGRO"" desestacionalizado";Industria desestacionalizado;Construcción desestacionalizada;Variación mensual EMAE;"Variación Mensual ""Agro"" (des)";Variación Mensual Industria (des);Variación Mensual Construcción (des);"""AGRO"" desestacionalizado BASE 100";Industria desestacionalizado BASE 100;Construcción desestacionalizada BASE 100;A -  Agricultura, ganadería, caza y silvicultura BASE 100;D - Industria manufacturera BASE 100;F - Construcción BASE 100
37987;2004;Enero;92,62750603;65,99535022;91,45461031;95,93804745;0,92627506;0,659953502;0,914546103;0,959380475;0,93275271;0,598682828;0,884380624;1,003859698;99,30553412;110,2342461;103,4109159;95,56917931;;;;;90,87227949;82,01396219;69,35853535;54,1534495;72,52664425;69,6279628
38018;2004;Febrero;90,18617932;64,92659777;89,42485185;98,8533877;0,901861793;0,649265978;0,894248519;0,988533877;0,909107014;0,582474697;0,87285171;1,002986986;99,20303983;111,4668125;102,4513682;98,55899336;-0,001032111;0,011181338;-0,00927898;0,031284291;91,8883532;81,25295631;71,52836797;53,27646904;70,91697614;71,74379908
38047;2004;Marzo;101,883298;110,6665595;101,4264329;103,1245292;1,01883298;1,106665595;1,014264329;1,031245292;1,011434063;1,119287133;1,000560165;1,01833225;100,7315274;98,87235926;101,3696491;101,2680578;0,015407669;-0,112988368;-0,010558366;0,027486731;81,50603815;80,39505785;73,49444895;90,80906337;80,43464171;74,84362121
38078;2004;Abril;102,5674303;150,0659204;98,43731178;95,81549162;1,025674303;1,500659204;0,984373118;0,958154916;1,032277334;1,626131642;0,979991785;0,951554504;99,36034329;92,28399258;100,4470785;100,6936453;-0,013612264;-0,066635071;-0,009101053;-0,005672199;76,07487751;79,66337814;73,07757379;123,138785;78,06416613;69,53901672
38108;2004;Mayo;109,8775039;209,3880763;100,3531383;97,99456692;1,098775039;2,093880763;1,003531383;0,979945669;1,108162712;2,318481742;1,015075982;0,969717968;99,15286154;90,31258366;98,86268622;101,0547088;-0,002088175;-0,021362415;-0,015773404;0,003585763;74,44973442;78,40681553;73,33961267;171,8164473;79,58348228;71,12050162
38139;2004;Junio;105,6624062;144,6613189;100,6669308;99,15678358;1,056624062;1,446613189;1,006669308;0,991567836;1,052380567;1,571597584;1,012665145;0,977632882;100,4032282;92,04730297;99,40791514;101,425377;0,012610495;0,019207947;0,005515012;0,003667995;75,87976097;78,83923008;73,60862199;118,7039602;79,83233048;71,96399157
38169;2004;Julio;101,1069973;94,86246436;102,5085335;98,90599791;1,011069973;0,948624644;1,025085335;0,989059979;1,007125346;0,89095642;1,028525315;1,012089485;100,3916719;106,47262;99,66554252;97,72455836;-0,000115099;0,156716346;0,002591618;-0,036488093;87,77135986;79,04355128;70,92278373;77,84078205;81,29278469;71,78198145
38200;2004;Agosto;98,35573694;64,86115725;101,0109396;102,0328115;0,983557369;0,648611573;1,010109396;1,020328115;0,992816092;0,594044722;1,045146999;1,048877335;99,06742824;109,1856468;96,64759083;97,27811643;-0,013190772;0,025480981;-0,030280793;-0,00456837;90,00786025;76,65004984;70,59878222;53,22277088;80,10514127;74,05129657
38231;2004;Septiembre;98,08637453;60,74989802;102,562718;106,8151267;0,980863745;0,60749898;1,02562718;1,068151267;0,981596577;0,561148165;1,038117159;1,038924939;99,92534288;108,2599959;98,79686234;102,8131318;0,008659906;-0,008477772;0,022238232;0,056898875;89,24479418;78,3546114;74,61577349;49,84921701;81,33575483;77,52210794
38261;2004;Octubre;97,83566598;62,66926439;105,905688;97,84211306;0,97835666;0,626692644;1,05905688;0,978421131;0,990711825;0,576042357;1,078389051;0,999194851;98,75290022;108,792806;98,20731015;97,92095407;-0,011733186;0,004921579;-0,005967317;-0,047583199;89,6840195;77,8870446;71,06531628;51,42418114;83,98684476;71,00985677
38292;2004;Noviembre;100,1319467;78,41525035;104,3751068;101,6555742;1,001319467;0,784152504;1,043751068;1,016555742;0,994248787;0,698834057;1,055526678;1,009218897;100,711158;112,2086847;98,88438541;100,7269826;0,019829876;0,03139802;0,006894347;0,028656058;92,49992017;78,4240249;73,10176808;64,34478013;82,77304137;73,77751295
38322;2004;Diciembre;101,6789548;92,73814255;101,8737382;101,8655701;1,016789548;0,927381425;1,018737382;1,018655701;0,98519384;0,800334998;0,996426639;0,968322059;103,207055;115,8741562;102,2390753;105,1980271;0,024782726;0,032666558;0,033925376;0,044387754;95,52157417;81,0845894;76,34659135;76,09763873;80,78937021;73,92991951
38353;2005;Enero;98,47335953;65,69547159;97,29836903;105,317046;0,90465648;0,548538445;0,905748534;0,936406799;0,93275271;0,598682828;0,884380624;1,003859698;105,5728475;109,7333487;110,0186576;104,912117;0,022922779;-0,052995488;0,076092064;-0,002717828;90,45936171;87,2544832;76,13909447;53,90737971;77,16094545;76,43486141
38384;2005;Febrero;96,11886613;69,2097487;94,70784582;109,0146912;0,883026186;0,577881656;0,881633406;0,969283718;0,909107014;0,582474697;0,87285171;1,002986986;105,7288797;118,8201807;108,5039357;108,6900356;0,001477958;0,082808299;-0,013767864;0,036010317;97,95014759;86,05317537;78,88088741;56,79107117;75,10657164;79,11846304
38412;2005;Marzo;110,6564259;138,5635769;107,569737;114,2310735;1,01658005;1,156966336;1,001364489;1,015664205;1,011434063;1,119287133;1,000560165;1,01833225;109,4054767;123,7962743;107,5095139;112,1746596;0,03477382;0,041879196;-0,009164846;0,032060198;102,052221;85,26451129;81,40982426;113,7003689;85,3064927;82,9043028
38443;2005;Abril;116,5451905;208,8998227;107,551657;108,7873836;1,070679038;1,744253921;1,001196182;0,967262655;1,032277334;1,626131642;0,979991785;0,951554504;112,9010458;128,4642752;109,7475087;114,3259615;0,031950585;0,037707119;0,020816714;0,019178146;105,9003163;87,03943823;82,97111372;171,4158037;85,29215461;78,95349236
38473;2005;Mayo;126,6619434;294,8643954;109,4359896;111,0551342;1,163619769;2,462033578;1,018737397;0,987425936;1,108162712;2,318481742;1,015075982;0,969717968;114,2990483;127,1799514;107,8106384;114,5231272;0,012382548;-0,009997517;-0,017648421;0,001724592;104,8415761;85,50332954;83,11420505;241,9552907;86,78649509;80,59933424
38504;2005;Junio;116,5022232;197,5538123;107,9651409;111,9818285;1,070284305;1,649517971;1,005045296;0,995665464;1,052380567;1,571597584;1,012665145;0,977632882;110,7035106;125,7025427;106,6148484;114,5438442;-0,031457285;-0,01161668;-0,011091577;0,000180898;103,623665;84,55496278;83,12924021;162,105669;85,62006156;81,27189152
38534;2005;Julio;107,5811393;98,41302759;108,6327053;108,8456504;0,988327962;0,821720703;1,011259639;0,967780724;1,007125346;0,89095642;1,028525315;1,012089485;106,8200098;110,4577343;105,6198653;107,5454809;-0,035080196;-0,121276849;-0,0093325;-0,061097681;91,05651342;83,76585358;78,05023642;80,75424862;86,14946304;78,99578004
38565;2005;Agosto;105,8208928;63,85265894;109,7218895;113,6808434;0,972156905;0,533151485;1,021398833;1,010771937;0,992816092;0,594044722;1,045146999;1,048877335;106,5866011;107,487966;104,9822557;108,3833539;-0,002185065;-0,026886015;-0,006036835;0,007790871;88,60836664;83,26017296;78,65831577;52,39523284;87,01322349;82,50496802
38596;2005;Septiembre;104,8921347;59,38842448;108,689219;117,9764181;0,963624577;0,495876401;1,011785724;1,048965236;0,981596577;0,561148165;1,038117159;1,038924939;106,8587006;105,8337676;104,698413;113,556248;0,002552848;-0,015389615;-0,002703721;0,047727754;87,24471797;83,03506071;82,41250055;48,73203999;86,19428033;85,62252275
38626;2005;Octubre;104,4606654;60,65839167;114,3141716;113,8916157;0,959660748;0,506480265;1,064148293;1,01264598;0,990711825;0,576042357;1,078389051;0,999194851;105,4400107;105,3019642;106,0045736;113,9833894;-0,013276316;-0,005024893;0,012475458;0,003761496;86,80632258;84,07096114;82,72249484;49,77413013;90,65506077;82,65793805
38657;2005;Noviembre;108,0037544;79,32336044;113,2083402;117,7480823;0,992210449;0,662327429;1,053854131;1,046935031;0,994248787;0,698834057;1,055526678;1,009218897;108,6285;113,5081493;107,2529407;116,6724907;0,030239843;0,077930028;0,011776539;0,023592045;93,57114177;85,0610261;84,67408769;65,08994314;89,7780985;85,45680584
38687;2005;Diciembre;110,5033239;100,7521621;109,9828464;117,1022031;1,01517353;0,841251809;1,023828076;1,041192316;0,98519384;0,800334998;0,996426639;0,968322059;112,1640427;125,8874876;110,3772642;120,9331152;0,0325471;0,109061229;0,029130424;0,036517816;103,7761255;87,53888983;87,76620042;82,67365963;87,22017131;84,98805275
38718;2006;Enero;106,5309479;69,22547689;104,8674034;122,0535355;0,905789774;0,591297512;0,894784997;0,965704625;0,93275271;0,598682828;0,884380624;1,003859698;114,2113518;115,6296349;118,5772286;121,584257;0,018252811;-0,081484291;0,074290339;0,005384314;95,32000154;94,04218363;88,23876116;56,80397716;83,16344942;88,58152999
38749;2006;Febrero;104,090137;66,79993515;102,7687969;123,9313251;0,885036542;0,570579463;0,87687856;0,980561959;0,909107014;0,582474697;0,87285171;1,002986986;114,4971224;114,682982;117,7391254;123,5622463;0,00250212;-0,00818694;-0,007067995;0,016268466;94,53962237;93,37749395;89,67427043;54,81366342;81,49918244;89,94435387
38777;2006;Marzo;118,5882765;126,9014854;118,4169295;128,279562;1,008308386;1,083943887;1,01039683;1,014965817;1,011434063;1,119287133;1,000560165;1,01833225;117,2476593;113,3770609;118,3506336;125,970244;0,02402276;-0,011387227;0,005193756;0,019488135;93,46307823;93,86247383;91,42185469;104,1308692;93,9086886;93,10012879
38808;2006;Abril;122,0871073;190,8932595;116,2765638;121,0632384;1,038057536;1,630537114;0,99213408;0,957869256;1,032277334;1,626131642;0,979991785;0,951554504;118,2696775;117,3910245;118,6505495;127,2268041;0,008716747;0,035403667;0,00253413;0,009975054;96,77201389;94,10033353;92,33379267;156,640255;92,21130513;87,86281233
38838;2006;Mayo;133,3710157;279,8455751;118,8646483;123,6345336;1,134000068;2,390333728;1,014217007;0,978213704;1,108162712;2,318481742;1,015075982;0,969717968;120,3532787;120,7020828;117,099262;127,495352;0,017617375;0,028205378;-0,013074423;0,002110781;99,50150513;92,87002594;92,52868905;229,6313781;94,26374497;89,72895465
38869;2006;Junio;124,2927478;188,657365;117,2865456;123,0438786;1,056811209;1,61143896;1,000751787;0,973540358;1,052380567;1,571597584;1,012665145;0,977632882;118,1062742;120,0417759;115,8196727;125,8589813;-0,018670073;-0,00547055;-0,01092739;-0,012834747;98,95717714;91,85519894;91,3411067;154,8055591;93,01225534;89,30028106
38899;2006;Julio;117,0456319;103,8080606;119,7807421;126,5982979;0,9951919;0,886688697;1,022033612;1,001663421;1,007125346;0,89095642;1,028525315;1,012089485;116,2175417;116,5130619;116,4587204;125,0860718;-0,015991805;-0,029395716;0,00551761;-0,006141076;96,04826002;92,36202008;90,78017405;85,18122183;94,9902388;91,87993516
38930;2006;Agosto;116,303608;71,25445278;120,7443975;128,1512665;0,988882769;0,608628247;1,030256037;1,013950725;0,992816092;0,594044722;1,045146999;1,048877335;117,1451681;119,9479603;115,5286267;122,1794601;0,007981811;0,029480801;-0,007986467;-0,023236893;98,87983965;91,62437382;88,67072485;58,468883;95,75445057;93,00701707
38961;2006;Septiembre;114,8024803;66,92231897;119,7106543;131,87538;0,976119285;0,571624819;1,021435585;1,043416431;0,981596577;0,561148165;1,038117159;1,038924939;116,9548499;119,2596236;115,3151678;126,9344637;-0,001624636;-0,005738628;-0,001847671;0,038918191;98,31240507;91,45508214;92,12162908;54,91408726;94,93465676;95,70982835
38991;2006;Octubre;116,4775083;62,94513535;124,1158904;127,9611087;0,990361373;0,53765324;1,059023425;1,01244617;0,990711825;0,576042357;1,078389051;0,999194851;117,5695145;109,2717134;115,0937969;128,0642195;0,005255572;-0,083749302;-0,001919703;0,008900308;90,07880978;91,27951551;92,94153996;51,65055109;98,42816014;92,86900821
39022;2006;Noviembre;118,1407823;80,07303428;123,8069285;131,1073868;1,004503523;0,683953193;1,056387196;1,037339961;0,994248787;0,698834057;1,055526678;1,009218897;118,8241654;114,5808987;117,2939832;129,9097621;0,010671566;0,048587005;0,019116463;0,014411071;94,45546938;93,02445703;94,28092709;65,70509897;98,18314273;95,15244983
39052;2006;Diciembre;119,6031721;97,5601152;119,741747;128,9572239;1,016937635;0,833321141;1,021700885;1,020327572;0,98519384;0,800334998;0,996426639;0,968322059;121,4006496;121,8990991;120,171162;133,1759643;0,021683167;0,063869288;0,024529636;0,025142084;100,4882729;95,30631313;96,6513461;80,05437889;94,95931436;93,59194839
39083;2007;Enero;114,7017648;69,90778196;109,9322332;135,7512381;0,894673845;0,545784951;0,872283305;0,969724367;0,93275271;0,598682828;0,884380624;1,003859698;122,9712481;116,769312;124,3042083;135,229294;0,012937315;-0,04208224;0,034392996;0,01541817;96,25950131;98,5841828;98,14153299;57,36385256;87,1800333;98,52276975
39114;2007;Febrero;112,7432483;69,77520594;109,6985187;138,7971446;0,879397415;0,544749902;0,870428841;0,991482472;0,909107014;0,582474697;0,87285171;1,002986986;124,0153761;119,7909649;125,6782996;138,3837941;0,008490831;0,025877115;0,011054262;0,023327047;98,75041953;99,6739582;100,4308852;57,25506537;86,99468963;100,7333657
39142;2007;Marzo;129,282765;135,0705145;126,8827038;142,9960394;1,008405657;1,05452429;1,006780822;1,021476826;1,011434063;1,119287133;1,000560165;1,01833225;127,8212488;120,6754822;126,8116683;140,421792;0,030688716;0,00738384;0,009018015;0,014727143;99,4795768;100,5728194;101,9099452;110,8340854;100,6223381;103,7807541
39173;2007;Abril;133,4630831;221,8499055;124,8581917;133,4748314;1,041012141;1,732029489;0,990716852;0,9534631;1,032277334;1,626131642;0,979991785;0,951554504;129,2899483;136,428011;127,4073861;140,2702955;0,011490261;0,130536282;0,004697657;-0,001078868;112,4652709;101,045276;101,7999979;182,0421835;99,01683054;96,87064562
39203;2007;Mayo;147,6079107;329,8088607;128,453943;137,0239639;1,151341806;2,574888058;1,019248191;0,978815947;1,108162712;2,318481742;1,015075982;0,969717968;133,2005753;142,2520845;126,5461358;141,3029029;0,030246953;0,042689719;-0,006759815;0,007361554;117,2663817;100,3622287;102,5494041;270,6294826;101,8683847;99,44646275
39234;2007;Junio;136,1209863;219,7014471;123,6138163;135,9865858;1,061743788;1,715256016;0,980843061;0,971405548;1,052380567;1,571597584;1,012665145;0,977632882;129,345781;139,7949764;122,0678099;139,0978028;-0,028939772;-0,017272914;-0,035388879;-0,015605483;115,2408496;96,81052192;100,9490711;180,2792345;98,02999817;98,69357559
39264;2007;Julio;127,3875519;109,5760561;123,1896312;142,8224896;0,993622993;0,855483621;0,977477264;1,020237091;1,007125346;0,89095642;1,028525315;1,012089485;126,4862933;122,9869986;119,7730668;141,1164642;-0,022107313;-0,12023306;-0,018798921;0,014512533;101,3850896;94,99058856;102,4140978;89,91423483;97,69360483;103,6547986
39295;2007;Agosto;126,5952277;70,40974559;128,4222529;144,0319464;0,987442864;0,549703888;1,018996738;1,028876715;0,992816092;0,594044722;1,045146999;1,048877335;127,5112568;118,5260014;122,8748233;137,3201056;0,008103356;-0,036272104;0,025896945;-0,026902308;97,70763905;97,45055463;99,65892211;57,77574615;101,8432534;104,5325736
39326;2007;Septiembre;123,5104633;64,36351214;131,0845525;144,6333954;0,963381699;0,502499655;1,040121384;1,033173102;0,981596577;0,561148165;1,038117159;1,038924939;125,8260941;114,699675;126,2714438;139,2144802;-0,013215796;-0,032282591;0,027642933;0,013795319;94,55338331;100,1443738;101,0337487;52,81442091;103,9545483;104,969081
39356;2007;Octubre;128,4153827;66,72752242;138,7600103;142,7465324;1,001640074;0,520955987;1,10102412;1,019694498;0,990711825;0,576042357;1,078389051;0,999194851;129,6193095;115,8378748;128,6734228;142,8615573;0,030146493;0,009923305;0,019022345;0,026197541;95,49166533;102,0493546;103,6805845;54,7542441;110,0414497;103,599672
39387;2007;Noviembre;129,7350895;83,9648034;136,6139928;143,2154342;1,011933788;0,655531113;1,083996037;1,023044048;0,994248787;0,698834057;1,055526678;1,009218897;130,4855396;120,1498447;129,4273235;141,9072064;0,006682878;0,03722418;0,005859024;-0,00668025;99,0462643;102,6472643;102,9879723;68,89854702;108,3395842;103,939982
39417;2007;Diciembre;128,8979284;95,88479503;130,8277071;138,3945089;1,005403931;0,748593028;1,038083384;0,988606287;0,98519384;0,800334998;0,996426639;0,968322059;130,8350938;119,8058255;131,2968782;142,9219831;0,002678873;-0,002863252;0,014444822;0,007150988;98,76266991;104,1299858;103,724438;78,67967043;103,7508611;100,441149
39448;2008;Enero;126,2268925;66,47801641;121,8446025;147,9151665;0,946181077;0,532165044;0,933019252;1,014038546;0,93275271;0,598682828;0,884380624;1,003859698;135,3272858;111,0404596;137,7739395;147,3464538;0,034334764;-0,073163102;0,049331419;0,030957244;91,53688658;109,2668657;106,9354608;54,5495083;96,6269509;107,350858
39479;2008;Febrero;122,8249045;68,68449956;119,0599565;150,6273931;0,920680199;0,549828224;0,911695957;1,032632327;0,909107014;0,582474697;0,87285171;1,002986986;135,1050015;117,9184263;136,4034179;150,178811;-0,001642568;0,061941086;-0,009947611;0,019222432;97,20678077;108,1799214;108,9910204;56,36007031;94,41863107;109,3192826
39508;2008;Marzo;132,3341273;134,9940822;129,6635836;151,2994618;0,991960149;1,080644935;0,992892728;1,037239722;1,011434063;1,119287133;1,000560165;1,01833225;130,838116;120,6071957;129,5909912;148,5757343;-0,031581995;0,022801944;-0,049943226;-0,010674454;99,42328438;102,7770672;107,8276008;110,7713678;102,8276712;109,8070429
39539;2008;Abril;145,2804986;220,2386178;137,3136012;148,6845281;1,089004537;1,76303837;1,051472374;1,019312936;1,032277334;1,626131642;0,979991785;0,951554504;140,7378558;135,4371394;140,1170941;156,2543475;0,075664035;0,122960687;0,081225576;0,051681476;111,6484398;111,1251937;113,4002904;180,7200178;108,8943977;107,9092296
39569;2008;Mayo;154,1561639;321,7207917;137,4869268;149,0992567;1,15553542;2,575416182;1,052799606;1,022156125;1,108162712;2,318481742;1,015075982;0,969717968;139,1096833;138,7635649;135,444961;153,755279;-0,011568831;0,02456066;-0,03334449;-0,015993594;114,3905991;107,4197807;111,5866122;263,9926993;109,0318508;108,2102229
39600;2008;Junio;140,5034842;211,8574064;128,3331933;147,0654583;1,053196632;1,695945698;0,982705327;1,008213336;1,052380567;1,571597584;1,012665145;0,977632882;133,5101471;134,8038509;126,7281628;150,4301472;-0,04025267;-0,028535689;-0,064356755;-0,021626131;111,1263845;100,5065922;109,1734255;173,8426922;101,7726261;106,7341741
39630;2008;Julio;136,6386881;110,9787892;136,754644;152,1360723;1,024226601;0,888399435;1,047192186;1,04297514;1,007125346;0,89095642;1,028525315;1,012089485;135,6719783;124,5614113;132,9618649;150,3187955;0,016192262;-0,075980319;0,049189556;-0,000740222;102,6829664;105,4504668;109,092613;91,065268;108,4511254;110,4142211
39661;2008;Agosto;131,3409214;70,81371768;134,0963383;149,6128287;0,984515202;0,566872888;1,026836336;1,025676939;0,992816092;0,594044722;1,045146999;1,048877335;132,2912899;119,2060379;128,3038065;142,6409206;-0,024918104;-0,04299384;-0,035033041;-0,051077278;98,26823133;101,7562163;103,5204593;58,10723136;106,3429978;108,5829527
39692;2008;Septiembre;132,1859385;67,16126081;140,7795342;149,9884183;0,990849344;0,537634503;1,078012591;1,028251809;0,981596577;0,561148165;1,038117159;1,038924939;134,6642211;119,6854325;135,6104492;144,3688688;0,017937169;0,004021563;0,056947981;0,012113972;98,6634232;107,5510274;104,7745033;55,11015448;111,6430015;108,8555405
39722;2008;Octubre;130,3951788;66,49249092;137,1768347;138,2809938;0,977426033;0,532280914;1,050425091;0,947991076;0,990711825;0,576042357;1,078389051;0,999194851;131,6176668;115,429864;127,2053296;138,3924204;-0,022623339;-0,035556278;-0,061979882;-0,041397072;95,15531912;100,8850275;100,4371457;54,56138557;108,7859372;100,3587643
39753;2008;Noviembre;125,5275633;80,22294439;126,1021832;136,1941091;0,940938992;0,642194954;0,965621474;0,933684352;0,994248787;0,698834057;1,055526678;1,009218897;126,2536751;114,7954133;119,4684946;134,9500189;-0,040754344;-0,005496417;-0,060821626;-0,024874206;94,63230582;94,74903602;97,93885142;65,82810991;100,0033585;98,84418763
39783;2008;Diciembre;123,4660058;79,39646138;118,4894171;129,5051173;0,925485814;0,635578852;0,907327079;0,887827691;0,98519384;0,800334998;0,996426639;0,968322059;125,3215366;99,20403533;118,9143409;133,7417816;-0,00738306;-0,135818824;-0,004638492;-0,00895322;81,77945736;94,30954336;97,06198331;65,14992719;93,96617371;93,98958731
39814;2009;Enero;116,7584192;58,55011019;105,1912272;125,9926103;0,930264519;0,636439517;0,868552185;0,984949539;0,93275271;0,598682828;0,884380624;1,003859698;125,176178;97,79821203;118,9433875;125,5081867;-0,001159885;-0,014171029;0,000244264;-0,061563371;80,62055827;94,33257982;91,08652042;48,04414894;83,42025279;91,44035155
39845;2009;Febrero;114,8588615;62,70700973;103,2542688;126,562383;0,915129926;0,681625002;0,852558937;0,989403748;0,909107014;0,582474697;0,87285171;1,002986986;126,3425094;107,6561954;118,295316;126,1854688;0,009317519;0,100799219;-0,005448571;0,005396318;88,74704753;93,81860208;91,57805226;51,45515363;81,88417834;91,85386957
39873;2009;Marzo;126,1656026;107,0931905;117,24068;127,4866589;1,005215593;1,16410265;0,968043168;0,996629291;1,011434063;1,119287133;1,000560165;1,01833225;124,7393253;95,67981923;117,1750426;125,1916149;-0,01268919;-0,111246511;-0,009470142;-0,007876136;78,87424812;92,93012665;90,8567711;87,87688322;92,97588236;92,52467169
39904;2009;Abril;127,9905589;131,0723157;119,3551285;122,0660157;1,019755804;1,424755666;0,985501933;0,954253314;1,032277334;1,626131642;0,979991785;0,951554504;123,9885394;80,60375451;121,7919684;128,2806347;-0,006018839;-0,157567864;0,039401955;0,024674334;66,44620134;96,59175532;93,09860146;107,5533049;94,65271258;88,59058761
39934;2009;Mayo;133,0356705;187,0135335;120,7420527;121,6418934;1,059952377;2,03283653;0,99695361;0,95093773;1,108162712;2,318481742;1,015075982;0,969717968;120,050665;80,66206865;118,948783;125,4404861;-0,031759987;0,000723467;-0,023344605;-0,022140119;66,49427295;94,33685895;91,03738732;153,4566891;95,75259104;88,28277675
39965;2009;Junio;129,312658;129,4347083;120,0373126;121,7469389;1,030289536;1,406954879;0,991134651;0,951758925;1,052380567;1,571597584;1,012665145;0,977632882;122,8763265;82,35868371;118,5360366;124,5323691;0,023537241;0,021033617;-0,00346995;-0,007239425;67,89288802;94,00951473;90,37832895;106,2095423;95,19370802;88,35901456
39995;2009;Julio;127,3630584;89,27758844;124,9247439;133,1333111;1,014756238;0,97044711;1,031489623;1,040772098;1,007125346;0,89095642;1,028525315;1,012089485;126,4619731;100,2042147;121,4600575;131,5430237;0,02918094;0,216680624;0,02466778;0,056295842;82,60396138;96,32852076;95,46625308;73,25803046;99,06960872;96,62278393
40026;2009;Agosto;124,0032862;64,71539161;125,4100063;132,8659629;0,987987488;0,703456106;1,035496381;1,038682099;0,992816092;0,594044722;1,045146999;1,048877335;124,9005604;108,9402686;119,9926962;126,6744532;-0,012346895;0,087182499;-0,012081019;-0,037011241;89,80558119;95,16477402;91,93292862;53,10316074;99,45443849;96,42875341
40057;2009;Septiembre;126,1851281;63,05629992;126,6079317;133,3044423;1,005371161;0,685421785;1,045387517;1,042109919;0,981596577;0,561148165;1,038117159;1,038924939;128,5509048;112,3701437;121,9591938;128,3099839;0,029226005;0,031483997;0,016388478;0,012911291;92,63301983;96,72437978;93,11990141;51,7417688;100,4044344;96,74698405
40087;2009;Octubre;127,0798619;62,25635498;133,7518846;131,413236;1,012499889;0,676726386;1,104374336;1,02732538;0,990711825;0,576042357;1,078389051;0,999194851;128,2712679;108,0760021;124,0293422;131,5191286;-0,002175301;-0,038214257;0,016974107;0,025010872;89,09311779;98,36618977;95,44891139;51,08536229;106,0698342;95,37442287
40118;2009;Noviembre;127,0921918;76,30145204;130,6205579;131,4328587;1,012598127;0,829396548;1,078519322;1,02747878;0,994248787;0,698834057;1,055526678;1,009218897;127,8273541;109,1839347;123,7491772;130,2322609;-0,003460742;0,010251421;-0,00225886;-0,009784642;90,00644888;98,14399427;94,51497791;62,61027202;103,5865847;95,3886642
40148;2009;Diciembre;126,2865638;72,4782012;126,1962536;127,3676807;1,006179343;0,787837823;1,041988337;0,995699177;0,98519384;0,800334998;0,996426639;0,968322059;128,1844838;90,55982985;126,6488156;131,5344204;0,002793844;-0,170575506;0,023431577;0,009998747;74,65355335;100,4436628;95,46000929;59,47304765;100,0779596;92,43832212
40179;2010;Enero;121,5056785;56,01882924;115,1550325;133,2283523;0,879077843;0,431327719;0,857307594;0,948751317;0,93275271;0,598682828;0,884380624;1,003859698;130,2656935;93,5701286;130,2098095;132,7161082;0,016236049;0,033240994;0,028117072;0,008983868;77,13511165;103,2678445;96,3176094;45,96706935;91,3218923;96,69176101
40210;2010;Febrero;119,8228021;64,67634873;111,4387135;135,4907751;0,86690245;0,497987951;0,829640297;0,964862578;0,909107014;0,582474697;0,87285171;1,002986986;131,8027474;111,0371817;127,6719886;135,0872713;0,011799376;0,18667339;-0,019490244;0,01786643;91,53418445;101,2551291;98,03846125;53,07112354;88,37472382;98,33373619
40238;2010;Marzo;136,8955016;132,6832634;132,3241684;138,5682638;0,990421219;1,021620233;0,985128588;0,986778119;1,011434063;1,119287133;1,000560165;1,01833225;135,3479249;118,5426505;132,2500865;136,0737263;0,0268976;0,067594194;0,035858281;0,007302353;97,72136387;104,8859639;98,75437271;108,8751917;104,9376063;100,5672533
40269;2010;Abril;145,7741315;232,4486218;132,9804934;139,7788863;1,054656956;1,789782743;0,990014804;0,995399254;1,032277334;1,626131642;0,979991785;0,951554504;141,2160538;142,945759;135,6955185;146,8953021;0,043355884;0,205859312;0,026052399;0,079527298;117,8382166;107,6184949;106,6080412;190,7391151;105,4580945;101,4458742
40299;2010;Mayo;158,1106315;351,0180609;135,839944;139,1721767;1,143909935;2,70273088;1,011302877;0,991078729;1,108162712;2,318481742;1,015075982;0,969717968;142,6781734;151,3999677;133,8224393;143,5181994;0,010353777;0,059142774;-0,013803545;-0,022989862;124,8074956;106,1329781;104,1571371;288,0330019;107,7257369;101,0055489
40330;2010;Junio;149,861552;231,3111216;134,9288381;139,2084348;1,084228914;1,781024342;1,004519865;0,991336931;1,052380567;1,571597584;1,012665145;0,977632882;142,4024319;147,1821565;133,2413176;142,393364;-0,001932611;-0,027858732;-0,004342483;-0,00783758;121,330517;105,6720974;103,3407971;189,8057227;107,0031987;101,0318636
40360;2010;Julio;139,5056866;108,7999279;137,5675757;143,7037751;1,009305569;0,837725911;1,02416477;1,023349337;1,007125346;0,89095642;1,028525315;1,012089485;138,5186931;122,1158807;133,7522506;141,9872228;-0,027272981;-0,170307845;0,003834644;-0,002852249;100,6669782;106,0773123;103,0460435;89,27737156;109,0958082;104,2944001
40391;2010;Agosto;137,2459807;65,88318937;141,9998562;146,3669017;0,99295689;0,507280252;1,057162266;1,042314105;0,992816092;0,594044722;1,045146999;1,048877335;138,2390775;110,9061101;135,8659177;139,5462527;-0,002018612;-0,091796174;0,015802852;-0,017191477;91,42613473;107,7536364;101,2745299;54,06141427;112,6107587;106,2271899
40422;2010;Septiembre;136,6964267;62,24432451;141,6337695;148,7425578;0,988980938;0,479262114;1,05443682;1,059231727;0,981596577;0,561148165;1,038117159;1,038924939;139,259274;110,9231543;136,4333191;143,1696864;0,007379943;0,000153682;0,004176186;0,025965826;91,44018525;108,2036357;103,9042066;51,07549051;112,3204394;107,9513452
40452;2010;Octubre;135,1388445;66,21698335;145,5646759;138,7394763;0,977712032;0,509850363;1,08370168;0,987997364;0,990711825;0,576042357;1,078389051;0,999194851;136,4058055;114,9515874;134,9834513;138,8512723;-0,02049033;0,036317333;-0,010626933;-0,030162908;94,76104888;107,0537628;100,7701536;54,3353138;115,4377831;100,6915124
40483;2010;Noviembre;139,5988233;85,84105852;145,08496;142,0710257;1,009979401;0,660949693;1,080130285;1,011722134;0,994248787;0,698834057;1,055526678;1,009218897;140,40633;122,8346811;137,4526699;140,7732517;0,02932811;0,068577511;0,018292751;0,013842;101,2595257;109,0120706;102,1650141;70,4381356;115,0573519;103,1094165
40513;2010;Diciembre;138,4776495;101,3622129;137,3426381;140,0287234;1,001867854;0,780457798;1,022490152;0,997178405;0,98519384;0,800334998;0,996426639;0,968322059;140,5587854;126,649732;137,8351729;144,6096597;0,001085816;0,031058418;0,002782798;0,027252393;104,4044864;109,3154292;104,9492553;83,17424578;108,9174249;101,6271959
40544;2011;Enero;133,0769197;70,92885867;127,1264066;149,2881022;0,908262624;0,561159029;0,879039691;0,970479275;0,93275271;0,598682828;0,884380624;1,003859698;142,6711693;118,4748506;143,7462596;148,7141107;0,015028473;-0,064547167;0,042885183;0,028382966;97,66547261;114,0034414;107,9280264;58,20171198;100,8156028;108,3472793
40575;2011;Febrero;129,5098868;71,39901732;124,1908175;151,7765129;0,883917286;0,564878725;0,858741002;0,986655721;0,909107014;0,582474697;0,87285171;1,002986986;142,4583518;122,578745;142,2816913;151,3245087;-0,001491664;0,034639372;-0,010188566;0,017553129;101,0485432;112,8419098;109,8225009;58,58750754;98,48757992;110,1532674
40603;2011;Marzo;147,0018391;139,7658554;145,2355795;154,6805775;1,003301523;1,105768134;1,004259007;1,005534215;1,011434063;1,119287133;1,000560165;1,01833225;145,3400122;124,870421;145,1542691;151,8959824;0,02022809;0,018695541;0,020189371;0,003776478;102,9377004;115,120117;110,2372432;114,6869161;115,1767983;112,2609203
40634;2011;Abril;151,035823;215,2418421;143,2805735;150,1330663;1,030833846;1,70290211;0,990740747;0,975972145;1,032277334;1,626131642;0,979991785;0,951554504;146,3132223;132,3643403;146,2058925;157,7766336;0,006696092;0,060013567;0,007244867;0,038714989;109,115359;115,9541469;114,5050768;176,6198404;113,6264115;108,9605202
40664;2011;Mayo;166,1783421;315,7625658;151,4966051;152,9287762;1,134182978;2,498179417;1,047552059;0,994146255;1,108162712;2,318481742;1,015075982;0,969717968;149,9584315;136,1936823;149,2465666;157,7043854;0,024913737;0,028930314;0,020797207;-0,000457915;112,2721006;118,3656693;114,4526433;259,1035899;120,1420065;110,9895336
40695;2011;Junio;156,6936585;211,2046256;149,388335;152,4665776;1,069449111;1,670961367;1,032974024;0,991141634;1,052380567;1,571597584;1,012665145;0,977632882;148,8944812;134,3884897;147,5199732;155,9548379;-0,007094968;-0,013254599;-0,011568731;-0,011093842;110,7839789;116,9963286;113,1829238;173,3070434;118,4700759;110,6540885
40725;2011;Julio;146,3780883;106,3892639;147,8658615;158,4467138;0,999044364;0,841706706;1,022446592;1,030016791;1,007125346;0,89095642;1,028525315;1,012089485;145,3424729;119,410177;143,7649218;156,554056;-0,023855876;-0,111455324;-0,025454529;0,003842254;98,43651467;114,0182422;113,6178013;87,29926591;117,2627022;114,99423
40756;2011;Agosto;146,3985054;69,22022391;150,5571722;160,2878926;0,999183713;0,547641036;1,041056171;1,041985767;0,992816092;0,594044722;1,045146999;1,048877335;147,4578289;116,5235904;144,0535851;152,8185301;0,014554286;-0,024173707;0,002007884;-0,023860933;96,05693922;114,2471776;110,9067745;56,79966675;119,3970039;116,3304832
40787;2011;Septiembre;147,1709068;66,00841747;152,9757639;162,6085554;1,004455426;0,522230586;1,057779982;1,057071733;0,981596577;0,561148165;1,038117159;1,038924939;149,9301345;117,6309958;147,3588627;156,5161728;0,016766188;0,009503702;0,022944779;0,024196298;96,96983572;116,8685538;113,5903079;54,16417202;121,3150301;118,0147266
40817;2011;Octubre;145,0500024;68,28615091;153,7998638;151,5930108;0,989980052;0,540251047;1,063478378;0,985462827;0,990711825;0,576042357;1,078389051;0,999194851;146,4098831;118,5436281;142,620016;151,7151642;-0,023479279;0,007758433;-0,032158545;-0,030674202;97,7221697;113,1102311;110,1060159;56,0331995;121,9685696;110,020089
40848;2011;Noviembre;146,3616451;85,9984745;148,4296287;153,6013561;0,998932138;0,680383434;1,026344867;0,998518505;0,994248787;0,698834057;1,055526678;1,009218897;147,2082712;123,0599363;140,6213901;152,1982561;0,005453103;0,038098279;-0,014013643;0,003184203;101,4452162;111,5251448;110,4566158;70,56730558;117,709789;111,4776649
40878;2011;Diciembre;143,3616579;96,55957873;141,0891134;148,1398988;0,97845694;0,763938409;0,97558748;0,963015133;0,98519384;0,800334998;0,996426639;0,968322059;145,516194;120,648952;141,5950837;152,9861863;-0,011494444;-0,019591951;0,006924222;0,005176999;99,45770649;112,2973696;111,0284496;79,23337406;111,8885084;107,5139597
40909;2012;Enero;136,1940813;70,3989934;124,6134292;153,104605;0,939177458;0,642780602;0,887519572;1,020131309;0,93275271;0,598682828;0,884380624;1,003859698;146,0130642;117,5897989;140,9047484;152,5159396;0,003414536;-0,02535582;-0,004875419;-0,003073785;96,93587478;111,7498728;110,687172;57,76692329;98,8227255;111,1171431
40940;2012;Febrero;132,3605259;68,38753796;123,608767;152,7745395;0,912741737;0,624414934;0,880364184;1,017932092;0,909107014;0,582474697;0,87285171;1,002986986;145,5939993;117,4085988;141,6148535;152,319563;-0,002870051;-0,001540951;0,005039611;-0,001287581;96,78650135;112,3130488;110,5446533;56,11639412;98,0259939;110,8775948
40969;2012;Marzo;147,4410162;124,3609058;145,8505247;155,5246435;1,016734924;1,13548183;1,038774039;1,036255951;1,011434063;1,119287133;1,000560165;1,01833225;145,7742246;111,1072415;145,76887;152,7248533;0,001237862;-0,053670322;0,029333198;0,002660789;91,59193867;115,6075496;110,8387894;102,0461594;115,6644709;112,8735093
41000;2012;Abril;145,5202783;166,1467388;138,2466348;149,2555031;1,003489754;1,517008917;0,984617748;0,99448486;1,032277334;1,626131642;0,979991785;0,951554504;140,9701381;102,1729942;141,0691772;156,854392;-0,032955665;-0,080411026;-0,032240717;0,027039075;84,22693687;111,8802794;113,8357677;136,3341356;109,6343253;108,3236202
41030;2012;Mayo;157,4041837;239,3495672;141,9663916;150,0109512;1,085439688;2,185390038;1,011110535;0,999518388;1,108162712;2,318481742;1,015075982;0,969717968;142,0406787;103,2354764;139,8578965;154,6954435;0,007594095;0,010398856;-0,00858643;-0,013764029;85,10280062;110,9196272;112,2689288;196,4017867;112,5842202;108,871894
41061;2012;Junio;149,0331017;162,0206371;138,1069141;147,782026;1,027713747;1,479335394;0,983622632;0,984667128;1,052380567;1,571597584;1,012665145;0,977632882;141,6152165;103,0929538;136,3796462;151,1631092;-0,002995355;-0,001380558;-0,024869889;-0,02283412;84,98531123;108,1610684;109,7053666;132,9484025;109,5235221;107,25423
41091;2012;Julio;146,8627996;101,7205961;144,1783049;151,9417109;1,012747614;0,928763649;1,026864185;1,012382981;1,007125346;0,89095642;1,028525315;1,012089485;145,823755;114,170114;140,1796366;150,1267558;0,029718123;0,107448276;0,027863325;-0,006855862;94,11683645;111,1747953;108,9532418;83,4683223;114,3383433;110,2731614
41122;2012;Agosto;145,693257;73,19557355;144,3554692;151,1741075;1,004682593;0,66831488;1,028125981;1,007268463;0,992816092;0,594044722;1,045146999;1,048877335;146,7474774;123,2155944;138,1197758;144,1294443;0,006334513;0,079228093;-0,014694437;-0,039948319;101,5735339;109,5411443;104,600743;60,06169802;114,4788407;109,7160658
41153;2012;Septiembre;142,4715365;70,83068725;143,52223;149,8166823;0,982466009;0,646722198;1,0221915;0,99822398;0,981596577;0,561148165;1,038117159;1,038924939;145,1426582;126,2245725;138,2524398;144,2035672;-0,010935923;0,024420433;0,0009605;0,00051428;104,0540036;109,6463586;104,654537;58,12115599;113,8180534;108,7309014
41183;2012;Octubre;147,231303;71,87308368;151,9246347;148,1187144;1,015288767;0,656239837;1,082034958;0,986910471;0,990711825;0,576042357;1,078389051;0,999194851;148,6116339;124,770484;140,881099;148,2380682;0,023900455;-0,011519853;0,019013474;0,027977817;102,8553167;111,7311168;107,5825425;58,97650962;120,4814486;107,4985848
41214;2012;Noviembre;146,3734318;84,90920446;147,0926102;148,6058356;1,009372994;0,775266618;1,047620399;0,990156146;0,994248787;0,698834057;1,055526678;1,009218897;147,2201261;121,50124;139,3547063;147,2483681;-0,009363383;-0,026202062;-0,010834617;-0,006676423;100,1602953;110,520553;106,8642759;69,67348912;116,6494874;107,8521178
41244;2012;Diciembre;143,5850581;81,07750038;141,4109061;142,8894785;0,990144715;0,740281103;1,007154266;0,952068232;0,98519384;0,800334998;0,996426639;0,968322059;145,7429516;101,3044545;141,9180305;147,5640023;-0,010033781;-0,16622699;0,018394242;0,002143549;83,51095087;112,5534948;107,0933448;66,52932832;112,1437011;103,7034165
41275;2013;Enero;136,5170718;64,01654372;124,3070368;148,7470076;0,919292792;0,526539491;0,872223236;0,992138527;0,93275271;0,598682828;0,884380624;1,003859698;146,3593409;106,9289792;140,5582997;148,1750965;0,004229291;0,055521001;-0,009581099;0,004141215;88,14756243;111,4751086;107,5368413;52,5297109;98,57974577;107,9545747
41306;2013;Febrero;132,795322;72,83360114;119,4056792;149,4253025;0,894230888;0,599060259;0,837831958;0,996662736;0,909107014;0,582474697;0,87285171;1,002986986;146,0722664;125,0416569;136,799502;148,9803004;-0,001961436;0,169389793;-0,026741912;0,005434138;103,0788598;108,494051;108,1212113;59,76467627;94,69280105;108,4468538
41334;2013;Marzo;149,4039457;139,9196485;141,6337099;152,1494316;1,006071758;1,150846582;0,993799032;1,014832604;1,011434063;1,119287133;1,000560165;1,01833225;147,7149635;125,0078237;141,554416;149,4104028;0,011245783;-0,000270576;0,03475827;0,002886975;103,0509691;112,2651165;108,4333545;114,8131132;112,3203921;110,4239167
41365;2013;Abril;155,9415958;201,9596117;144,7143469;151,7883237;1,050095663;1,661128593;1,015414889;1,012424024;1,032277334;1,626131642;0,979991785;0,951554504;151,065601;124,1963483;147,6689388;159,5161634;0,022683129;-0,006491397;0,043195563;0,067637597;102,3820244;117,1144714;115,7675261;165,7209121;114,763443;110,1618392
41395;2013;Mayo;167,9734791;298,0846648;148,702168;152,1060157;1,131117205;2,451762288;1,043396172;1,014543021;1,108162712;2,318481742;1,015075982;0,969717968;151,5783533;128,5689075;146,4936327;156,855932;0,003394236;0,035206826;-0,007959061;-0,016676877;105,9865706;116,1823502;113,8368853;244,5977298;117,925922;110,3924072
41426;2013;Junio;156,2718644;198,2773133;142,2259984;149,1347332;1,05231966;1,630841492;0,997954934;0,994724647;1,052380567;1,571597584;1,012665145;0,977632882;148,4936813;126,1629029;140,4472141;152,5467647;-0,020350347;-0,018713736;-0,041274276;-0,027472135;104,0031658;111,3870079;110,7095431;162,6993483;112,7900972;108,2359703
41456;2013;Julio;150,7310013;107,0687294;144,33135;152,8480248;1,015008022;0,880646017;1,012727521;1,019492202;1,007125346;0,89095642;1,028525315;1,012089485;149,6645894;120,1728018;140,3284371;151,0222437;0,007885238;-0,0474791;-0,000845706;-0,009993795;99,06518915;111,2928073;109,6031346;87,85681126;114,4597133;110,9309275
41487;2013;Agosto;148,4214495;69,62321492;149,4040766;153,2924794;0,999455723;0,572654661;1,048321242;1,022456702;0,992816092;0,594044722;1,045146999;1,048877335;149,4954108;117,2019754;142,9502995;146,1491008;-0,001130385;-0,024721288;0,018683757;-0,032267716;96,61617006;113,372175;106,0664918;57,13034692;118,4825595;111,2534947
41518;2013;Septiembre;147,0048442;66,90422478;150,7686951;154,2125405;0,98991644;0,550290822;1,05789634;1,028593485;0,981596577;0,561148165;1,038117159;1,038924939;149,7609584;119,2273787;145,2328322;148,4347277;0,001776293;0,017281307;0,015967317;0,015639007;98,28582375;115,1824244;107,7252665;54,89923981;119,5647488;111,9212379
41548;2013;Octubre;148,6939594;70,46848003;154,9208829;148,1197665;1,001290779;0,579607012;1,087030931;0,987954847;0,990711825;0,576042357;1,078389051;0,999194851;150,0880031;122,3321153;143,6595473;148,2391212;0,002183778;0,026040467;-0,010832846;-0,001317795;100,8452325;113,934671;107,5833067;57,82394156;122,8575763;107,4993485
41579;2013;Noviembre;145,6958976;84,42742838;148,0741601;146,1426169;0,98110212;0,694420108;1,038989638;0,974767312;0,994248787;0,698834057;1,055526678;1,009218897;146,5386727;120,8118402;140,2846211;144,8076502;-0,023648328;-0,012427441;-0,02349253;-0,023148215;99,59198434;111,2580573;105,0929452;69,27816071;117,4278902;106,0644131
41609;2013;Diciembre;142,5768791;85,37363103;141,7213687;141,1414843;0,96009895;0,702202675;0,994414107;0,941409892;0,98519384;0,800334998;0,996426639;0,968322059;144,719621;106,6723701;142,2296064;145,7588238;-0,012413458;-0,117037122;0,013864565;0,006568532;87,93602507;112,8006019;105,7832515;70,05458113;112,3899086;102,4347929
41640;2014;Enero;137,9696974;65,04463929;124,4212337;150,3110602;0,953020369;0,518464658;0,919496298;1,023219334;0,93275271;0,598682828;0,884380624;1,003859698;147,9166943;108,6462417;140,6874262;149,7331355;0,022091498;0,018504058;-0,010842892;0,027266354;89,56319834;111,5775172;108,6675751;53,37332975;98,67030782;109,0897009
41671;2014;Febrero;132,4863069;68,93624485;119,7169346;149,4195773;0,91514406;0,549484278;0,884730644;1,017150702;0,909107014;0,582474697;0,87285171;1,002986986;145,7323559;118,3506258;137,156098;148,9745923;-0,014767356;0,089320937;-0,025100524;-0,005065968;97,56306711;108,776863;108,1170687;56,56664358;94,93963727;108,4426987
41699;2014;Marzo;144,5378281;131,1524513;135,3333183;150,8708293;0,998389478;1,045403766;1,000138654;1,027029876;1,011434063;1,119287133;1,000560165;1,01833225;142,9038564;117,1749835;135,2575517;148,1548182;-0,019408864;-0,009933554;-0,01384223;-0,005502778;96,59391912;107,2711486;107,5221245;107,6190614;107,3239654;109,4959588
41730;2014;Abril;152,3414355;213,7914262;135,7471741;146,5565253;1,052292596;1,704111207;1,003197127;0,997660918;1,032277334;1,626131642;0,979991785;0,951554504;147,5780108;131,4723979;138,5186858;154,018004;0,032708385;0,122017635;0,024110551;0,039574723;108,3800807;109,8575151;111,7772827;175,4296805;107,6521673;106,3648111
41760;2014;Mayo;164,2032439;323,8011752;140,4167449;148,2206633;1,13422758;2,580988496;1,037706132;1,00898928;1,108162712;2,318481742;1,015075982;0,969717968;148,1761136;139,6608691;138,3312653;152,8492491;0,004052791;0,062282817;-0,001353034;-0,00758843;115,1302974;109,7088742;110,9290686;265,6997884;111,3552971;107,5725753
41791;2014;Junio;153,803524;214,7674972;136,4099835;148,2588717;1,062391916;1,711891377;1,008095413;1,009249378;1,052380567;1,571597584;1,012665145;0,977632882;146,1481986;136,6555278;134,7039387;151,6508645;-0,013685843;-0,021518851;-0,02622203;-0,007840304;112,6528258;106,8320847;110,059351;176,2306098;108,1777978;107,6003054
41821;2014;Julio;145,4228137;110,4270228;137,3566193;147,0229308;1,004502483;0,880203339;1,015091229;1,000835901;1,007125346;0,89095642;1,028525315;1,012089485;144,3939569;123,9421146;133,5471449;145,2667309;-0,01200317;-0,093032557;-0,008587676;-0,042097575;102,1724454;105,9146454;105,4261192;90,61250804;108,9285125;106,7033094
41852;2014;Agosto;140,105304;68,65546507;136,8344613;147,205451;0,967771989;0,547246209;1,011232383;1,002078379;0,992816092;0,594044722;1,045146999;1,048877335;141,1190905;115,5728895;130,9236513;140,3457259;-0,022680079;-0,067525273;-0,0196447;-0,03387565;95,2732231;103,8339839;101,8547409;56,33624563;108,5144233;106,8357752
41883;2014;Septiembre;141,7187332;67,11585816;139,490734;149,5263027;0,978916689;0,534974148;1,030862738;1,017877219;0,981596577;0,561148165;1,038117159;1,038924939;144,375741;119,6045222;134,3689706;143,9240671;0,02307732;0,034883896;0,026315485;0,025496616;98,59672432;106,5664256;104,4516921;55,07289867;110,6209387;108,5201556
41913;2014;Octubre;143,3493974;69,33396734;144,7562132;142,4347977;0,990180439;0,552654486;1,069775618;0,969602893;0,990711825;0,576042357;1,078389051;0,999194851;144,6933345;120,36262;134,2337564;142,5495714;0,00219977;0,006338371;-0,001006291;-0,009550145;99,22166694;106,4591888;103,4541633;56,89300059;114,7966444;103,3734275
41944;2014;Noviembre;140,8775969;83,92547951;139,4289331;143,0101807;0,973106572;0,668962047;1,030406017;0,973519724;0,994248787;0,698834057;1,055526678;1,009218897;141,6925006;120,093574;132,0941819;141,7038278;-0,020739268;-0,002235296;-0,015939168;-0,005932979;98,99987719;104,7623178;102,840372;68,86627923;110,5719284;103,7910173
41974;2014;Diciembre;140,4359377;88,52394624;133,8623263;139,964452;0,970055829;0,70561599;0,989267747;0,952786396;0,98519384;0,800334998;0,996426639;0,968322059;142,5465042;110,6086158;134,3423801;144,5432857;0,006027161;-0,078979731;0,017019661;0,020037977;91,18089347;106,545337;104,9010849;72,63961834;106,1574183;101,5805503
42005;2015;Enero;133,9981891;61,32173728;118,2727378;146,6897116;0,900980121;0,45356732;0,867413954;0,969408179;0,93275271;0,598682828;0,884380624;1,003859698;143,658858;102,4277537;133,7351075;146,1257106;0,007803445;-0,07396225;-0,004520335;0,010947757;84,43694943;106,0637163;106,0495165;50,31844807;93,79433959;106,4614723
42036;2015;Febrero;132,627887;70,34749868;116,8381697;147,782989;0,891766452;0,520326525;0,856892811;0,976633172;0,909107014;0,582474697;0,87285171;1,002986986;145,8880912;120,7734844;133,8579834;147,3428779;0,015517548;0,179108982;0,000918801;0,008329591;99,56036551;106,1611677;106,9328656;57,72466854;92,65667786;107,2549289
42064;2015;Marzo;149,409013;144,4282121;134,9272163;151,9201565;1,004599775;1,06826584;0,989558138;1,003973902;1,011434063;1,119287133;1,000560165;1,01833225;147,7199735;129,0358907;134,8516771;149,1852551;0,012556764;0,068412419;0,007423492;0,012504012;106,371531;106,9492543;108,2699555;118,512681;107,0019126;110,2575181
42095;2015;Abril;157,4845995;240,9170856;137,381394;151,9845887;1,05889859;1,781947509;1,007557113;1,004399707;1,032277334;1,626131642;0,979991785;0,951554504;152,560358;148,1534947;140,1862711;159,7224207;0,032767298;0,14815726;0,039558974;0,070631415;122,1312456;111,1800571;115,9172156;197,6880369;108,9481597;110,3042804
42125;2015;Mayo;168,8861006;365,658973;139,3610616;153,4095649;1,135560267;2,704603097;1,022076024;1,013816752;1,108162712;2,318481742;1,015075982;0,969717968;152,401898;157,7148382;137,2912611;158,200188;-0,001038671;0,06453674;-0,020651166;-0,009530488;130,013198;108,8840592;114,8124679;300,0468163;110,518104;111,3384706
42156;2015;Junio;162,93739;244,3185402;143,4716382;155,6465392;1,095562189;1,807106428;1,052223052;1,028599937;1,052380567;1,571597584;1,012665145;0,977632882;154,8274409;155,4587146;141,6772751;159,2075534;0,015915438;-0,014305082;0,031946782;0,006367662;128,1533486;112,3625545;115,5435549;200,4791502;113,7779324;112,9619763
42186;2015;Julio;151,8447963;115,6081357;141,8834023;158,1042402;1,020977551;0,855097632;1,040574906;1,044841809;1,007125346;0,89095642;1,028525315;1,012089485;150,7705044;129,7573406;137,9483812;156,2156732;-0,026202956;-0,165326042;-0,026319633;-0,018792325;106,9662627;109,4052134;113,3722228;94,86394596;112,5184068;114,7456765
42217;2015;Agosto;146,4650672;68,81774815;143,6516421;156,4471757;0,984805204;0,509011698;1,053543202;1,033890994;0,992816092;0,594044722;1,045146999;1,048877335;147,5248723;115,8460728;137,4463517;149,1567893;-0,02152697;-0,107209871;-0,003639256;-0,045186784;95,49842341;109,0070597;108,2492967;56,46940938;113,9206816;113,5430459
42248;2015;Septiembre;145,8823237;64,55008886;140,4646631;157,3100113;0,98088694;0,47744588;1,030169853;1,039593097;0,981596577;0,561148165;1,038117159;1,038924939;148,6173924;115,032166;135,3071394;151,416147;0,007405667;-0,007025761;-0,01556398;0,015147535;94,82747432;107,310476;109,8890067;52,96751916;111,3932979;114,1692572
42278;2015;Octubre;147,0458762;69,9609154;145,6306841;150,1355265;0,988710461;0,517467155;1,068057525;0,992180064;0,990711825;0,576042357;1,078389051;0,999194851;148,4244686;121,4509915;135,0446613;150,2565055;-0,001298124;0,055800266;-0,001939869;-0,007658638;100,1188727;107,1023078;109,0474065;57,40745198;115,4901299;108,9623057
42309;2015;Noviembre;146,1755814;86,56550087;141,4475223;147,6178508;0,982858753;0,640283267;1,037378156;0,975541845;0,994248787;0,698834057;1,055526678;1,009218897;147,0211312;123,8713254;134,006582;146,2694083;-0,009454893;0,019928482;-0,007686933;-0,026535272;102,1140898;106,2790195;106,153804;71,03258735;112,172739;107,1350783
42339;2015;Diciembre;141,9421187;89,89063064;132,8815598;138,7776076;0,954393699;0,664877648;0,974555265;0,917120542;0,98519384;0,800334998;0,996426639;0,968322059;144,075321;112,3162562;133,3580964;143,3176146;-0,020036645;-0,093282842;-0,004839207;-0,020180527;92,58859738;105,7647133;104,0115643;73,76107121;105,3796368;100,7191865
42370;2016;Enero;134,7464504;64,61710338;113,9824673;141,6615425;0,925259734;0,502624854;0,885549938;1,054191987;0,93275271;0,598682828;0,884380624;1,003859698;144,4610657;107,9321142;128,8839491;141,116874;0,002677382;-0,039033905;-0,033549874;-0,015355688;88,97450288;102,2163206;102,4143951;53,0225089;90,39200789;102,8122301
42401;2016;Febrero;134,232361;70,07331457;114,2174145;138,9620023;0,92172965;0,545066053;0,887375284;1,034103023;0,909107014;0,582474697;0,87285171;1,002986986;147,6529814;120,3027616;130,8554628;138,5481609;0,022095336;0,114615076;0,015296813;-0,018202735;99,17232229;103,7799045;100,550173;57,49968276;90,57832905;100,8530128
42430;2016;Marzo;150,0878942;136,6683856;130,5127724;140,6386999;1,030604403;1,063076551;1,0139768;1,046580377;1,011434063;1,119287133;1,000560165;1,01833225;148,3911801;122,1030615;130,4397046;138,1068899;0,004999552;0,014964742;-0,003177233;-0,003184965;100,6564105;103,4501716;100,2299243;112,1452419;103,501107;102,0698922
42461;2016;Abril;153,2506744;222,2440703;129,6925585;126,0267551;1,052322178;1,728727962;1,007604414;0,937843772;1,032277334;1,626131642;0,979991785;0,951554504;148,4588195;136,6704052;132,3404548;132,4430231;0,000455818;0,119303673;0,014571869;-0,041010747;112,66509;104,9576339;96,11942016;182,3656212;102,8506493;91,46513244
42491;2016;Mayo;163,5136081;329,7453392;132,0943647;134,2249061;1,122794382;2,564927773;1,026264471;0,998851333;1,108162712;2,318481742;1,015075982;0,969717968;147,55379;142,2246866;130,1324897;138,4164371;-0,006096165;0,040639972;-0,016683977;0,045101764;117,2437961;103,2065231;100,4545756;270,577359;104,7553641;97,41501957
42522;2016;Junio;153,6620952;222,3605736;125,6567861;128,568203;1,05514727;1,729634184;0,976249784;0,956756273;1,052380567;1,571597584;1,012665145;0,977632882;146,0138092;141,4869658;124,0852287;131,5096959;-0,010436742;-0,005187009;-0,046470032;-0,049898273;116,6356514;98,41051269;95,44206573;182,4612196;99,65014326;93,30961275
42552;2016;Julio;143,731101;113,2185609;127,0569762;128,6669829;0,986954386;0,88067183;0,987128109;0,957491356;1,007125346;0,89095642;1,028525315;1,012089485;142,7142129;127,0753073;123,533154;127,1300461;-0,022597837;-0,10185856;-0,004449157;-0,033302866;104,755312;97,97266886;92,26357138;92,90314542;100,7605421;93,38130318
42583;2016;Agosto;143,6741026;70,7049895;132,7159547;144,7089074;0,986562997;0,549979544;1,031093713;1,076869332;0,992816092;0,594044722;1,045146999;1,048877335;144,7137127;119,0230076;126,983051;137,9655204;0,014010516;-0,06336636;0,027926891;0,085231419;98,11734917;100,7087409;100,1273265;58,01801286;105,2483062;105,0238845
42614;2016;Septiembre;142,0077374;61,92436376;135,5352882;136,908416;0,975120613;0,481679349;1,052997614;1,018821005;0,981596577;0,561148165;1,038117159;1,038924939;144,6701636;110,3529649;130,5587593;131,7789292;-0,000300932;-0,072843418;0,028158941;-0,044841575;90,9701461;103,5445925;95,6374595;50,81294204;107,4841344;99,36260272
42644;2016;Octubre;141,1368633;70,83907186;134,50621;127,6169151;0,969140605;0,551022505;1,045002523;0,949677146;0,990711825;0,576042357;1,078389051;0,999194851;142,4600573;122,9754566;124,728835;127,7197486;-0,015276864;0,114382896;-0,044653643;-0,030802956;101,3755748;98,92094914;92,69154303;58,12803611;106,6680401;92,61920637
42675;2016;Noviembre;144,9383206;86,52813101;138,3593522;133,9880204;0,995243968;0,673060025;1,074938267;0,997088518;0,994248787;0,698834057;1,055526678;1,009218897;145,7767136;123,8178509;131,0808671;132,7640821;0,023281307;0,006850101;0,050926734;0,039495329;102,0700077;103,95867;96,35242601;71,00192297;109,7237141;97,24309747
42705;2016;Diciembre;142,5901452;93,78779072;130,2350442;130,5798075;0,979119816;0,729529369;1,011819081;0,971725878;0,98519384;0,800334998;0,996426639;0,968322059;144,7330865;117,1856673;130,7020899;134,8516295;-0,00715908;-0,053564034;-0,002889645;0,015723736;96,60272635;103,6582663;97,86744615;76,95894288;103,2808591;94,76955407
42736;2017;Enero;136,6326595;67,32241152;112,7976742;141,2625153;0,912493069;0,508600415;0,854353412;0,963016011;0,93275271;0,598682828;0,884380624;1,003859698;146,4832619;112,450881;127,5442623;140,719381;0,012092435;-0,040404141;-0,024160498;0,043512648;92,69957619;101,1538309;102,1259179;55,24238905;89,45242633;102,5226323
42767;2017;Febrero;132,1585163;75,17856163;106,7970856;137,5570376;0,882612771;0,567951248;0,808903686;0,937754997;0,909107014;0,582474697;0,87285171;1,002986986;145,3717927;129,067515;122,3542148;137,1473802;-0,007587688;0,14776793;-0,040692129;-0,025383858;106,3976007;97,03766623;99,53356814;61,68886788;84,69375359;99,83334609
42795;2017;Marzo;152,6209586;142,2213133;130,7408599;150,9970743;1,019269971;1,074438919;0,990258891;1,029378529;1,011434063;1,119287133;1,000560165;1,01833225;150,8956086;127,0641904;130,6676644;148,2787905;0,037997853;-0,015521524;0,067945756;0,081163856;104,7461477;103,6309638;107,6120963;116,701778;103,6819883;109,5875823
42826;2017;Abril;151,9463448;232,0252475;122,7044996;135,1430631;1,014764603;1,752880424;0,9293898;0,92129843;1,032277334;1,626131642;0,979991785;0,951554504;147,1952738;142,6854023;125,2097226;142,0234601;-0,024522482;0,12293953;-0,041769644;-0,042186278;117,62359;99,30233538;103,0723425;190,3917091;97,30887877;98,08138086
42856;2017;Mayo;168,3892095;330,0188117;133,9585597;145,7980003;1,124577295;2,493192102;1,014630429;0,993935357;1,108162712;2,318481742;1,015075982;0,969717968;151,9535062;142,3426399;131,9689975;150,350932;0,032325986;-0,002402225;0,053983626;0,058634481;117,3410316;104,6630355;109,1159358;270,8017609;106,2337346;105,8143042
42887;2017;Junio;161,0356855;228,1094635;141,5155856;145,9287388;1,075467223;1,723297863;1,07186894;0,994826629;1,052380567;1,571597584;1,012665145;0,977632882;153,0203907;145,1449568;139,7456863;149,2674208;0,007021125;0,019687123;0,05892815;-0,007206548;119,6511389;110,8306346;108,3295866;187,1785553;112,2267155;105,909189
42917;2017;Julio;150,3060501;111,6631048;134,6713927;146,4115651;1,003809993;0,843580914;1,020029577;0,998118156;1,007125346;0,89095642;1,028525315;1,012089485;149,2426447;125,3294799;130,9363908;144,662668;-0,02468786;-0,136521981;-0,063038049;-0,030849015;103,3161284;103,8440876;104,9877256;91,62679316;106,7990356;106,2596048
42948;2017;Agosto;149,2553428;73,08728751;142,0093133;159,3496324;0,996792907;0,552152306;1,075608537;1,086319658;0,992816092;0,594044722;1,045146999;1,048877335;150,335338;123,0333084;135,8749662;151,9239925;0,007321589;-0,018321081;0,037717363;0,050194875;101,4232653;107,7608127;110,2575713;59,97284233;112,6182585;115,6495319
42979;2017;Septiembre;146,3865597;64,75275616;138,0437427;151,254411;0,97763391;0,489187448;1,045572468;1,031132846;0,981596577;0,561148165;1,038117159;1,038924939;149,131082;115,3933314;132,9751094;145,5874291;-0,008010465;-0,062096818;-0,021342098;-0,041708773;95,12520323;105,4609709;105,6588633;53,13382077;109,473425;109,7743469
43009;2017;Octubre;149,3859497;78,23306205;143,0006306;149,5953454;0,997665157;0,591027073;1,083116984;1,01982265;0,990711825;0,576042357;1,078389051;0,999194851;150,7864809;135,8113012;132,6057886;149,715889;0,011100294;0,176942373;-0,002777368;0,028357256;111,9568824;105,168067;108,6550586;64,19528286;113,4044071;108,570264
43040;2017;Noviembre;151,9260429;89,01564215;145,2241944;153,7325094;1,014629018;0,672486198;1,099958726;1,04802656;0,994248787;0,698834057;1,055526678;1,009218897;152,8048561;127,3773671;137,5845798;152,3282114;0,013385651;-0,062100385;0,037545806;0,017448531;105,0043168;109,1166868;110,5509298;73,04308661;115,1677696;111,5728507
43070;2017;Diciembre;146,7833849;96,78814315;132,8598472;143,2214061;0,980284084;0,731205088;1,006308549;0,976370178;0,98519384;0,800334998;0,996426639;0,968322059;148,989345;120,934538;133,336306;147,9067887;-0,024969829;-0,050580643;-0,030877543;-0,029025633;99,69313101;105,7474316;107,3421192;79,42092594;105,3624179;103,9443162
43101;2018;Enero;142,7409126;68,41058552;116,9161226;157,0548134;0,978908592;0,612120927;0,93024496;1,058805666;0,93275271;0,598682828;0,884380624;1,003859698;153,0318927;114,2684946;132,2011354;156,45096;0,027133133;-0,055121089;-0,008513589;0,057767269;94,19793708;104,8471414;113,5429803;56,13530613;92,71849719;113,9840449
43132;2018;Febrero;138,8180404;74,74917579;112,8413205;151,2699137;0,95200577;0,668837058;0,897823734;1,019806005;0,909107014;0,582474697;0,87285171;1,002986986;152,6971393;128,3303399;129,2789133;150,8194182;-0,002187475;0,123059688;-0,022104365;-0,035995572;105,7899059;102,5295619;109,4559358;61,33652905;89,48703931;109,7855982
43160;2018;Marzo;155,8573195;144,6514804;133,2775281;158,4238409;1,068860122;1,294305517;1,06042474;1,068035145;1,011434063;1,119287133;1,000560165;1,01833225;154,0953832;129,2353643;133,2029125;155,5718586;0,009156975;0,007052303;0,030352972;0,031510799;106,5359683;105,6416388;112,9049798;118,6958871;105,6936533;114,9776297
43191;2018;Abril;151,524544;163,2854039;126,9252126;147,5274748;1,039146208;1,461037236;1,009882442;0,994575861;1,032277334;1,626131642;0,979991785;0,951554504;146,7866619;100,4133981;129,5166087;155,0383863;-0,047429852;-0,22301919;-0,027674348;-0,003429105;82,77640301;102,7180753;112,5178167;133,9862255;100,656049;107,069487
43221;2018;Mayo;159,5666924;223,6842466;132,8971186;153,4172292;1,094298778;2,001471078;1,057398006;1,034282414;1,108162712;2,318481742;1,015075982;0,969717968;143,9921147;96,47876132;130,923321;158,2080917;-0,019038155;-0,03918438;0,01086125;0,020444649;79,53286094;103,833722;114,8182039;183,5473789;105,3919755;111,3440331
43252;2018;Junio;151,1257632;149,9515184;130,7643224;148,5930735;1,036411393;1,341728941;1,04042838;1,001759734;1,052380567;1,571597584;1,012665145;0,977632882;143,6037191;95,41343152;129,1288864;151,9927124;-0,00269734;-0,011042117;-0,013705997;-0,039286102;78,65464977;102,4105774;110,3074442;123,0449108;103,7005949;107,8428555
43282;2018;Julio;145,9635244;105,7229288;126,6951991;147,4688155;1,00100907;0,945982507;1,008052336;0,994180401;1,007125346;0,89095642;1,028525315;1,012089485;144,9308421;118,6622897;123,1814106;145,7072895;0,009241564;0,243664417;-0,046058446;-0,04135345;97,81998913;97,69370534;105,7458509;86,75249496;100,4736405;107,0269145
43313;2018;Agosto;146,76596;74,54874504;135,0500776;159,8704649;1,006512125;0,667043654;1,074528057;1,077787751;0,992816092;0,594044722;1,045146999;1,048877335;147,8279424;125,4934893;129,2163472;152,4205544;0,019989536;0,057568413;0,048992268;0,046073638;103,4513306;102,4799415;110,617947;61,17206267;107,0993458;116,0275311
43344;2018;Septiembre;137,7465697;65,38672107;122,1030161;147,8318477;0,944657689;0,585064139;0,97151456;0,996627831;0,981596577;0,561148165;1,038117159;1,038924939;140,3291056;116,5230952;117,6196878;142,2930975;-0,050726789;-0,071480952;-0,08974607;-0,066444168;96,05653103;93,28276945;103,2680295;53,65402995;96,83188175;107,2903886
43374;2018;Octubre;142,843276;78,62835588;132,1245723;143,6550664;0,979610594;0,703546998;1,051251229;0,96846951;0,990711825;0,576042357;1,078389051;0,999194851;144,182468;136,4975247;122,5203206;143,7708234;0,027459467;0,171420348;0,041665073;0,010385085;112,522575;97,16940281;104,3404768;64,51964699;104,7793197;104,2590493
43405;2018;Noviembre;140,5924073;90,21847247;125,6174319;138,5751865;0,964174272;0,807252482;0,999477064;0,934222833;0,994248787;0,698834057;1,055526678;1,009218897;141,4056614;129,098563;119,0092439;137,3093458;-0,019258975;-0,054205831;-0,028657097;-0,044942899;106,4231953;94,38480978;99,65111331;74,03008661;99,61893405;100,5722775
43435;2018;Diciembre;136,251616;101,8814002;112,9859513;126,2968553;0,934405386;0,911609463;0,898974491;0,851446849;0,98519384;0,800334998;0,996426639;0,968322059;138,2992975;127,2984444;113,3911387;130,4285637;-0,021967747;-0,013943754;-0,047207301;-0,050111536;104,9392565;89,92915769;94,65744301;83,60027248;89,60173649;91,66116023
43466;2019;Enero;134,5362399;73,18576532;104,6836567;143,0478467;0,941479129;0,530765011;0,887560249;1,006942725;0,93275271;0,598682828;0,884380624;1,003859698;144,2356999;122,2446375;118,3694599;142,4978481;0,042924313;-0,039700461;0,04390397;0,092535592;100,7731196;93,87740471;103,4166256;60,05364973;83,01773202;103,8183537
43497;2019;Febrero;132,2678886;77,27598381;103,9471314;147,5347506;0,925605299;0,560428496;0,88131562;1,03852695;0,909107014;0,582474697;0,87285171;1,002986986;145,4921;132,6683962;119,0891079;147,0953788;0,008710743;0,08526966;0,006079677;0,032263861;109,3660093;94,44814897;106,7532452;63,40993831;82,43364218;107,0747675
43525;2019;Marzo;144,963255;160,5300143;114,9759097;148,0732418;1,014446956;1,164211571;0,974823102;1,042317498;1,011434063;1,119287133;1,000560165;1,01833225;143,3244739;143,4216562;114,9115402;145,4075934;-0,014898583;0,081053667;-0,035079343;-0,011474088;118,2305254;91,13496993;105,528349;131,7252503;91,17984177;107,4655827
43556;2019;Abril;149,9162214;230,9943282;115,9205402;140,9735155;1,049107613;1,675239804;0,982832151;0,992341089;1,032277334;1,626131642;0,979991785;0,951554504;145,2286285;142,0514319;118,2872571;148,1507522;0,013285621;-0,009553817;0,029376657;0,018865306;117,1009726;93,81221066;107,5191737;189,5457732;91,92896622;102,3128879
43586;2019;Mayo;164,1356991;341,8236001;124,1955909;149,7158557;1,148614939;2,479006758;1,052992158;1,05388019;1,108162712;2,318481742;1,015075982;0,969717968;148,1151615;147,4342428;122,3510291;154,3911329;0,019875785;0,037893394;0,034355112;0,042121829;121,5383259;97,03513967;112,0480779;280,4883527;98,4913654;108,6577256
43617;2019;Junio;150,8589717;222,8186856;121,4994834;138,2116641;1,055704942;1,615947604;1,030133214;0,972899858;1,052380567;1,571597584;1,012665145;0,977632882;143,3502067;141,7784603;119,9799204;141,3737884;-0,032170608;-0,03836139;-0,019379557;-0,084314069;116,8759467;95,15464169;102,6008486;182,8371302;96,3532596;100,3084476
43647;2019;Julio;146,7770296;126,8483487;124,9787215;146,9719782;1,027139677;0,91994208;1,05963193;1,034565481;1,007125346;0,89095642;1,028525315;1,012089485;145,7385918;142,373236;121,5125381;145,216387;0,01666119;0,004195106;0,012773952;0,027180417;117,3662538;96,37014249;105,3895825;104,0872671;99,11241483;106,66633
43678;2019;Agosto;141,2769347;78,02068369;125,6340224;155,8552044;0,988650237;0,565829282;1,065187897;1,097096307;0,992816092;0,594044722;1,045146999;1,048877335;142,2991991;131,3380639;120,2070355;148,5924037;-0,023599739;-0,077508754;-0,010743769;0,02324818;108,2693416;95,33476396;107,8396985;64,02101269;99,63209092;113,1134171
43709;2019;Septiembre;134,8770665;70,80070876;115,9855861;142,6312795;0,94386422;0,513467869;0,983383642;1,004010425;0,981596577;0,561148165;1,038117159;1,038924939;137,4058036;126,171149;111,726875;137,2873767;-0,034388075;-0,039340574;-0,07054629;-0,076080787;104,0099636;88,60925003;99,63516939;58,0965567;91,9805498;103,5160261
43739;2019;Octubre;141,6393366;80,63703912;129,6780969;135,8893908;0,991186311;0,584803872;1,099475578;0,956552907;0,990711825;0,576042357;1,078389051;0,999194851;142,9672414;139,9845656;120,2516817;135,9988903;0,040474548;0,109481579;0,076300413;-0,009385323;115,3971386;95,37017236;98,70006111;66,16790139;102,8391808;98,6230354
43770;2019;Noviembre;137,7718297;90,99893887;119,7182795;133,8192877;0,964121654;0,659951461;1,015031279;0,941981032;0,994248787;0,698834057;1,055526678;1,009218897;138,5687682;130,2153752;113,4204203;132,5968907;-0,030765602;-0,069787626;-0,056808032;-0,025014907;107,3438463;89,95238056;96,23108826;74,67050972;94,94070378;97,12063808
43800;2019;Diciembre;135,7651545;100,7137529;114,1278914;122,0146127;0,950079024;0,730406192;0,96763318;0,858885537;0,98519384;0,800334998;0,996426639;0,968322059;137,8055252;125,8394963;114,537174;126,0062307;-0,005508044;-0,033604932;0,009846143;-0,049704483;103,7365636;90,83806459;91,44797172;82,64214245;90,50733417;88,55328142
43831;2020;Enero;133,8910861;84,77989963;101,7147663;129,9048064;1,039921654;0,661834021;0,934296178;1,178088456;0,93275271;0,598682828;0,884380624;1,003859698;143,5440334;141,6107087;115,012432;129,4053409;0,041642076;0,125328001;0,004149378;0,026975731;116,7376597;91,21498602;93,91484763;69,56738616;80,66330006;94,27966557
43862;2020;Febrero;128,9736387;68,52543131;102,3074099;125,267519;1,001728223;0,534943565;0,939739878;1,136033547;0,909107014;0,582474697;0,87285171;1,002986986;141,8684894;117,6453359;117,2105282;124,8944609;-0,011672683;-0,169234185;0,019111814;-0,03485853;96,98165701;92,95826985;90,64111408;56,22954453;81,13328676;90,91410949
43891;2020;Marzo;128,2110607;138,798932;98,96454962;97,69679005;0,995805339;1,083533428;0,909034193;0,885998477;1,011434063;1,119287133;1,000560165;1,01833225;126,7616599;124,0065466;98,90914416;95,93803009;-0,106484742;0,054071083;-0,156141128;-0,231847198;102,2255602;78,44366077;69,62622573;113,8934929;78,48228383;70,90438719
43922;2020;Abril;113,2950344;210,4825682;78,01561127;43,88606288;0,879953723;1,64313151;0,71660871;0,397996545;1,032277334;1,626131642;0,979991785;0,951554504;109,7525159;129,4375946;79,60843393;46,12038797;-0,134182087;0,043796462;-0,195135752;-0,519268971;106,7026781;63,13649803;33,47148717;172,7145486;61,86905685;31,8507332
43952;2020;Mayo;131,0295692;294,4895217;93,10499614;75,02261009;1,017696475;2,29893153;0,855211541;0,680369521;1,108162712;2,318481742;1,015075982;0,969717968;118,2403701;127,0182621;91,72219401;77,36539133;0,077336307;-0,018691111;0,152166793;0,677466187;104,7082865;72,74377646;56,14728794;241,6476826;73,83545684;54,4483825
43983;2020;Junio;132,5219653;200,8947649;113,4110416;95,34061073;1,029287799;1,568284354;1,041731762;0,864630617;1,052380567;1,571597584;1,012665145;0,977632882;125,9258955;127,8283748;111,9926387;97,52189447;0,064999166;0,006377923;0,220998253;0,260536434;105,3761078;88,82002401;70,7757021;164,8471365;89,93884774;69,19436733
44013;2020;Julio;127,4636895;117,049707;114,6088322;114,8352688;0,990000565;0,913748172;1,052734011;1,041424935;1,007125346;0,89095642;1,028525315;1,012089485;126,5618922;131,3753449;111,4302492;113,4635529;0,005050563;0,027747909;-0,005021665;0,163467481;108,3000745;88,37399961;82,34522787;96,04684842;90,88873673;83,34280338
44044;2020;Agosto;125,1838938;75,82374782;114,398752;117,71328;0,972293569;0,59191785;1,050804329;1,067525214;0,992816092;0,594044722;1,045146999;1,048877335;126,0897107;127,6397971;109,4570927;112,2278803;-0,003730835;-0,028434162;-0,017707548;-0,010890481;105,2206526;86,80911274;81,44844873;62,21828484;90,72213591;85,43154771
44075;2020;Septiembre;127,1750761;73,78709737;119,2529195;116,4657875;0,987758927;0,576018745;1,095392055;1,05621188;0,981596577;0,561148165;1,038117159;1,038924939;129,5594128;131,4930743;114,8742399;112,1022156;0,027517726;0,030188682;0,049491057;-0,001119728;108,3971255;91,10538746;81,35724861;60,54708154;94,57165731;84,52616804
44105;2020;Octubre;131,3455019;73,32710117;127,434889;133,1196533;1,0201503;0,572427786;1,170547149;1,207243451;0,990711825;0,576042357;1,078389051;0,999194851;132,5768994;127,2946343;118,1715345;133,2269209;0,02329037;-0,031928982;0,028703517;0,188441461;104,9361156;93,72043246;96,68832742;60,16962493;101,0602399;96,61287167
44136;2020;Noviembre;132,0686553;86,96627386;124,6492129;137,3494533;1,025766976;0,678901945;1,144959453;1,245602914;0,994248787;0,698834057;1,055526678;1,009218897;132,8326038;124,4448135;118,0919587;136,0948093;0,001928726;-0,022387595;-0,000673392;0,021526343;102,5868483;93,65732183;98,76967356;71,36144749;98,85110315;99,6826898
44166;2020;Diciembre;133,8543656;112,2561259;118,5505791;136,6075219;1,039636449;0,876327095;1,08894074;1,238874442;0,98519384;0,800334998;0,996426639;0,968322059;135,8660197;140,2614233;118,9757222;141,0765361;0,02283638;0,12709738;0,00748369;0,036604826;115,6253679;94,35822416;102,3851203;92,11340531;94,01467727;99,14422592
44197;2021;Enero;131,5215374;86,97460611;106,2591762;145,5388147;0,924937336;0,671103518;0,843085079;1,022720245;0,93275271;0,598682828;0,884380624;1,003859698;141,0036509;145,2766005;120,1509547;144,9792387;0,037813952;0,035755927;0,009877918;0,027663725;119,7596602;95,29028694;105,2174741;71,36828464;84,26717301;105,6261978
44228;2021;Febrero;126,239267;71,78788668;103,4554001;141,8982575;0,887789282;0,553921488;0,820839266;0,997137574;0,909107014;0,582474697;0,87285171;1,002986986;138,8607337;123,2463609;118,5257461;141,4756717;-0,015197601;-0,151643414;-0,013526389;-0,024165991;101,5988965;94,00135343;102,6747896;58,90659998;82,04368235;102,9840283
44256;2021;Marzo;145,9569001;147,8001741;129,5237311;152,5061885;1,026455355;1,140438815;1,027671482;1,07168089;1,011434063;1,119287133;1,000560165;1,01833225;144,3068861;132,0484885;129,451217;149,7607372;0,039220248;0,071418965;0,09217804;0,058561769;108,8549846;102,6662139;108,6876069;121,2795937;102,7167634;110,6828365
44287;2021;Abril;147,280844;207,7091414;123,3167253;137,9850698;1,035766113;1,602701543;0,978423651;0,969639093;1,032277334;1,626131642;0,979991785;0,951554504;142,6756543;127,7320581;125,834448;145,0101589;-0,011303908;-0,032688223;-0,027939243;-0,03172112;105,2967086;99,79779763;105,2399142;170,4387727;97,79439481;100,1439946
44317;2021;Mayo;151,1693223;282,046365;122,0877521;124,4601404;1,063112195;2,176293933;0,96867269;0,87459765;1,108162712;2,318481742;1,015075982;0,969717968;136,4143737;121,6513203;120,2744959;128,3467405;-0,043884716;-0,047605417;-0,044184658;-0,114912076;100,2840149;95,38826606;93,14657721;231,4372684;96,81977683;90,32814674
44348;2021;Junio;148,9796171;192,867097;133,0525525;135,9923075;1,047712891;1,488179056;1,055669973;0,955635692;1,052380567;1,571597584;1,012665145;0,977632882;141,564394;122,7204082;131,3884981;139,1036554;0,037752768;0,008788133;0,092405311;0,08381136;101,1653242;104,2026485;100,9533185;158,2599163;105,5152398;98,69772814
44378;2021;Julio;142,4259131;115,6422696;129,6468819;141,5288848;1,001623363;0,892305667;1,028648589;0,994541944;1,007125346;0,89095642;1,028525315;1,012089485;141,4182591;129,7956522;126,0512308;139,8383116;-0,001032285;0,05765336;-0,040622028;0,005281358;106,9978451;99,9697255;101,4864892;94,89195508;102,8144262;102,7159525
44409;2021;Agosto;140,9749407;78,58741462;130,6350337;150,7261631;0,991419267;0,606387229;1,036488816;1,059172419;0,992816092;0,594044722;1,045146999;1,048877335;141,9950199;132,2920845;124,9920191;143,702374;0,004078404;0,019233559;-0,008403026;0,027632359;109,0557944;99,12967732;104,2908003;64,48605204;103,5980645;109,3909659
44440;2021;Septiembre;141,2960891;74,20091013;131,991331;149,7356172;0,993677772;0,572540584;1,047249994;1,052211723;0,981596577;0,561148165;1,038117159;1,038924939;143,945173;132,2305137;127,1449276;144,1255393;0,013733954;-0,000465416;0,017224368;0,002944734;109,0050382;100,8371233;104,5979089;60,88664165;104,6736547;108,6720676
44470;2021;Octubre;139,5147587;75,61664717;133,6792891;140,8169877;0,981150402;0,583464533;1,060642648;0,98953935;0,990711825;0,576042357;1,078389051;0,999194851;140,822745;131,2692483;123,9620237;140,9304578;-0,021691786;-0,007269619;-0,025033668;-0,022168739;108,2126131;98,31280025;102,2791052;62,04834538;106,0122635;102,1992863
44501;2021;Noviembre;143,7518776;92,51854885;137,7410537;144,8311265;1,010948331;0,713881055;1,092869635;1,017747227;0,994248787;0,698834057;1,055526678;1,009218897;144,5834076;132,3898685;130,4950946;143,5081398;0,026704937;0,008536807;0,052702196;0,018290454;109,1364032;103,4941007;104,1498364;75,91744791;109,2333822;105,1125863
44531;2021;Diciembre;147,2298783;129,4416124;131,0445707;141,6476032;1,035407692;0,998782579;1,039738178;0,995376193;0,98519384;0,800334998;0,996426639;0,968322059;149,4425487;161,7342897;131,5145196;146,2815;0,033607875;0,221651563;0,00781198;0,019325455;133,3266576;104,3025945;106,1625794;106,2152075;103,9228414;102,8021135
44562;2022;Enero;139,6379616;102,9574132;105,5656624;146,2994212;0,926249702;0,830898308;0,799772722;0,970487271;0,93275271;0,598682828;0,884380624;1,003859698;149,7052329;171,9732191;119,3667744;145,7369207;0,001757761;0,063307103;-0,092368091;-0,003722817;141,7671821;94,66836297;105,7673555;84,48321069;83,71719278;106,1782153
44593;2022;Febrero;137,8495135;78,75098139;114,3119035;150,8326715;0,914386527;0,635544884;0,866034846;1,000558899;0,909107014;0,582474697;0,87285171;1,002986986;151,6317787;135,2006909;130,9637161;150,3834782;0,012868927;-0,213827062;0,097153849;0,031883187;111,453522;103,8657589;109,1395559;64,62026915;90,65326207;109,4682654
44621;2022;Marzo;153,9308508;150,4226943;134,5108295;156,3378844;1,021057619;1,213957871;1,019063299;1,037078107;1,011434063;1,119287133;1,000560165;1,01833225;152,1906928;134,3915157;134,4355234;153,5234541;0,003685996;-0,005984993;0,026509688;0,020879793;110,7864735;106,6192078;111,4183672;123,431541;106,6717035;113,4637267
44652;2022;Abril;157,6616921;202,9111974;129,1281673;151,2662327;1,045805121;1,637556397;0,97828388;1,003434957;1,032277334;1,626131642;0,979991785;0,951554504;152,7319132;124,781532;131,7645406;158,9674918;0,003556199;-0,071507369;-0,019868133;0,035460626;102,8644242;104,5008832;115,3693322;166,5017497;102,4030677;109,7829266
44682;2022;Mayo;164,6893631;272,0130926;135,3664481;145,6422929;1,092421228;2,195230158;1,025545525;0,966128165;1,108162712;2,318481742;1,015075982;0,969717968;148,6147849;117,3238019;133,3559759;150,1903622;-0,026956568;-0,059766297;0,012077872;-0,055213362;96,71659849;105,7630315;108,9994036;223,2043201;107,3502385;105,7012981
44713;2022;Junio;161,4548344;190,607648;141,3961244;149,8587874;1,070965878;1,538262931;1,071226767;0,994098572;1,052380567;1,571597584;1,012665145;0,977632882;153,4186771;121,2827317;139,6277192;153,2873845;0,032324457;0,03374362;0,047030088;0,020620646;99,98016662;110,7370762;111,2470417;156,4058923;112,1319787;108,7614596
44743;2022;Julio;152,4453877;108,3798372;137,4742125;151,07353;1,011204212;0,874658954;1,041514093;1,002156651;1,007125346;0,89095642;1,028525315;1,012089485;151,3668466;121,6443753;133,6614767;149,2689454;-0,01337406;0,002981823;-0,042729642;-0,026215067;100,2782898;106,0053206;108,330693;88,93265997;109,021768;109,6430708
44774;2022;Agosto;151,465739;76,49887241;141,5356099;161,9528913;1,004705984;0,617369665;1,072283519;1,074325641;0,992816092;0,594044722;1,045146999;1,048877335;152,5617285;128,7762849;135,4217254;154,4059404;0,007893947;0,058629177;0,013169454;0,034414358;106,1575234;107,4013528;112,0588243;62,7722682;112,2425955;117,5388721
44805;2022;Septiembre;149,1743493;72,54274767;137,2777427;159,9898;0,989506686;0,585442509;1,040025624;1,061303341;0,981596577;0,561148165;1,038117159;1,038924939;151,9711385;129,2755678;132,237235;153,9955332;-0,003871154;0,003877134;-0,023515358;-0,002657975;106,5691103;104,8757715;111,7609747;59,5260122;108,8659606;116,1141397
44835;2022;Octubre;146,554395;64,51382047;138,3119724;146,3883248;0,972127945;0,520646572;1,047861019;0,971077019;0,990711825;0,576042357;1,078389051;0,999194851;147,9283797;111,9949248;128,2579531;146,5062842;-0,026602148;-0,133672923;-0,030091993;-0,048632898;92,32370587;101,7198506;106,3257147;52,9377586;109,6861403;106,2427379
44866;2022;Noviembre;148,0304944;75,33229454;139,7450141;149,6944981;0,981919241;0,607955019;1,058717842;0,993008747;0,994248787;0,698834057;1,055526678;1,009218897;148,886774;107,7971141;132,3936354;148,3270861;0,006478772;-0,037482151;0,032245035;0,012428148;88,86321474;104,9998108;107,6471464;61,81501567;110,8225916;108,6422251
44896;2022;Diciembre;146,180808;92,00101017;129,3112418;139,6446863;0,969649859;0,742476732;0,979670865;0,92634263;0,98519384;0,800334998;0,996426639;0,968322059;148,3777122;114,9531264;129,7749746;144,2130591;-0,00341912;0,066384081;-0,019779355;-0,027736181;94,76231758;102,9229822;104,6614257;75,49277398;102,5482521;101,3484773
44927;2023;Enero;143,0301903;81,28470125;113,6392511;154,6355854;0,966690843;0,865674709;0,878834747;1,01654723;0,93275271;0,598682828;0,884380624;1,003859698;153,342026;135,7725617;128,4958626;154,0410336;0,033457274;0,181112388;-0,009856384;0,068148991;111,9249472;101,9085338;111,7939962;66,69935002;90,11982568;112,2282668
44958;2023;Febrero;137,2620271;69,45536165;112,3217266;151,5609973;0,927705853;0,739693313;0,868645605;0,996335427;0,909107014;0,582474697;0,87285171;1,002986986;150,985555;119,2418522;128,6836301;151,1096349;-0,015367418;-0,121752947;0,001461273;-0,019029986;98,29775504;102,0574499;109,6665581;56,99261247;89,07498349;109,9968548
44986;2023;Marzo;155,0605677;123,6416123;139,0176823;162,7874247;1,04799994;1,316771977;1,075100094;1,070135993;1,011434063;1,119287133;1,000560165;1,01833225;153,3076384;110,4646062;138,939853;159,8568883;0,015379507;-0,073608769;0,079701069;0,057886801;91,06217829;110,1915378;116,0148043;101,4559327;110,2457925;118,1445428
45017;2023;Abril;150,021085;121,8335722;130,7301885;151,9192455;1,013939846;1,297516514;1,011008353;0,998690488;1,032277334;1,626131642;0,979991785;0,951554504;145,3302132;74,92233045;133,3992698;159,6537507;-0,052035406;-0,321752614;-0,039877567;-0,001270747;61,76268443;105,7973674;115,8673789;99,97231893;103,6735255;110,2568569
45047;2023;Mayo;153,7724057;138,6397714;134,7517621;146,9519054;1,039293706;1,476501014;1,04210939;0,966036065;1,108162712;2,318481742;1,015075982;0,969717968;138,763382;59,79765503;132,7504192;151,5408709;-0,045185588;-0,201871396;-0,004863974;-0,050815466;49,29456512;105,2827717;109,979524;113,7628914;106,8627713;106,651762
45078;2023;Junio;152,5570318;106,8786955;134,0226628;150,8045358;1,03107942;1,138248431;1,036470865;0,991362582;1,052380567;1,571597584;1,012665145;0,977632882;144,9637485;68,00640101;132,3464755;154,2547705;0,044683017;0,137275383;-0,00304288;0,017908698;56,06149541;104,9624089;111,949114;87,70087619;106,2845706;109,4478457
45108;2023;Julio;150,2229735;93,72002472;133,6651774;150,329483;1,01530434;0,998109778;1,033706234;0,988239668;1,007125346;0,89095642;1,028525315;1,012089485;149,1601558;105,1903579;129,9580821;148,533786;0,028947977;0,546771426;-0,018046521;-0,037087893;86,71431921;103,0682026;107,7971572;76,9033365;106,0010724;109,1030715
45139;2023;Agosto;151,9420381;74,75175175;137,5384476;165,1966783;1,026922894;0,796099388;1,063660359;1,085974004;0,992816092;0,594044722;1,045146999;1,048877335;153,041474;125,8352258;131,5972276;157,498568;0,026021146;0,19626198;0,012612878;0,060355171;103,7330432;104,3681893;114,3032731;61,33864279;109,0727086;119,8930818
45170;2023;Septiembre;148,4322435;71,78715986;133,0815642;159,922482;1,003201425;0,764526753;1,029192832;1,051302362;0,981596577;0,561148165;1,038117159;1,038924939;151,2151193;127,9290646;128,1951301;153,9307374;-0,011933723;0,016639529;-0,025852349;-0,022653099;105,4591121;101,6700264;111,7139497;58,90600358;105,5382471;116,065283
45200;2023;Octubre;147,5069615;65,19588635;136,5771654;150,3056239;0,996947768;0,694330287;1,056226236;0,988082822;0,990711825;0,576042357;1,078389051;0,999194851;148,8898768;113,1789799;126,6492508;150,4267399;-0,015377051;-0,115298933;-0,012058799;-0,022763468;93,29978897;100,444008;109,1709527;53,49743773;108,3103788;109,0857555
45231;2023;Noviembre;146,3594957;78,80544326;132,8019889;149,6493179;0,98919245;0,839270836;1,027030723;0,983768382;0,994248787;0,698834057;1,055526678;1,009218897;147,2061094;112,7670332;125,8158525;148,2823186;-0,011308811;-0,003639781;-0,006580365;-0,014255586;92,96019814;99,78304977;107,6146568;64,66495862;105,3165343;108,6094351
45261;2023;Diciembre;139,3357645;100,7761617;113,5331957;131,3580782;0,941721516;1,073256998;0,878014562;0,863524979;0,98519384;0,800334998;0,996426639;0,968322059;141,4297968;125,9174746;113,9403457;135,6553608;-0,039239626;0,116616009;-0,094388001;-0,085154844;103,8008455;90,36472713;98,45074746;82,69335286;90,03572008;95,33439158
45292;2024;Enero;137,5460234;90,5978266;100,6946717;130,8129448;0,942279444;0,729493134;0,854000083;1,042663354;0,93275271;0,598682828;0,884380624;1,003859698;147,4624753;151,3285872;113,8589755;130,3099876;0,042654933;0,201807674;-0,000714147;-0,039404069;124,7486526;90,30019343;94,57138741;74,34137118;79,85433004;94,93875572
45323;2024;Febrero;133,6372222;71,98130947;102,7171446;125,4081661;0,915501622;0,579593055;0,871152847;0,99958379;0,909107014;0,582474697;0,87285171;1,002986986;146,9983402;123,5784316;117,6799489;125,0346893;-0,003147479;-0,183376823;0,033558825;-0,040482686;101,872641;93,33056182;90,74288361;59,06531588;81,45822043;91,01618553
45352;2024;Marzo;142,5686262;138,6826668;111,1173903;119,7436252;0,97668753;1,116671967;0,942396046;0,954433753;1,011434063;1,119287133;1,000560165;1,01833225;140,9569159;123,9026723;111,055181;117,5879731;-0,041098589;0,002623764;-0,056294789;-0,059557202;102,1399308;88,07653751;85,33849139;113,7980898;88,11990347;86,90509032
45383;2024;Abril;147,2651426;200,2004617;109,9716076;114,8577739;1,008861713;1,612012868;0,932678565;0,915490374;1,032277334;1,626131642;0,979991785;0,951554504;142,6604438;123,1145478;112,2168668;120,7054073;0,012085451;-0,006360835;0,010460437;0,026511506;101,4902355;88,99785662;87,60094328;164,2774158;87,2112585;83,35913664
45413;2024;Mayo;156,7765914;271,7488695;114,9539289;115,1395823;1,074021304;2,188120201;0,974934056;0,917736569;1,108162712;2,318481742;1,015075982;0,969717968;141,4743428;117,209838;113,2466248;118,7351231;-0,008314155;-0,047961105;0,0091765;-0,016323081;96,62265167;89,81454543;86,17102597;222,9875079;91,16241026;83,56366183
45444;2024;Junio;147,3651437;188,5139998;107,6436612;115,8778447;1,009546785;1,51791355;0,912935054;0,923620995;1,052380567;1,571597584;1,012665145;0,977632882;140,0302784;119,9505534;106,2973894;118,5289968;-0,010207253;0,023382981;-0,061363731;-0,001736018;98,88197725;84,30318983;86,02143151;154,6879187;85,36511714;84,09946286
45474;2024;Julio;149,6974453;117,5315086;126,311451;130,7921951;1,025524563;0,946362974;1,071258168;1,042497966;1,007125346;0,89095642;1,028525315;1,012089485;148,6383457;131,9161139;122,8083054;129,2298726;0,0614729;0,099754108;0,155327577;0,090280658;108,7458607;97,39780007;93,78750293;96,44219775;100,169315;94,92369648
45505;2024;Agosto;147,327539;79,40027824;128,8161934;137,958666;1,009289169;0,639330545;1,092501102;1,099619351;0,992816092;0,594044722;1,045146999;1,048877335;148,3935849;133,6604388;123,2517468;131,5298381;-0,001646687;0,013222986;0,003610843;0,017797476;110,1838057;97,74948819;95,45668373;65,15305917;102,1556617;100,1248318
45536;2024;Septiembre;144,8438992;75,09968281;124,9161294;135,6406549;0,992274625;0,604702177;1,059424327;1,081143311;0,981596577;0,561148165;1,038117159;1,038924939;147,559499;133,832181;120,3295104;130,5586667;-0,005620768;0,001284915;-0,023709493;-0,007383658;110,3253825;95,43189734;94,75186422;61,62414271;99,06277711;98,44251291
45566;2024;Octubre;147,9950324;66,91020275;134,4067953;128,4707185;1,013861931;0,538760535;1,139915472;1,023994303;0,990711825;0,576042357;1,078389051;0,999194851;149,3825235;116,1550048;124,6366468;128,57424;0,012354504;-0,132084646;0,035794515;-0,015199502;95,75309342;98,8478358;93,31168305;54,90414511;106,5892008;93,23886243
45597;2024;Noviembre;148,0695308;80,09634393;130,8887535;128,3318;1,014372294;0,644935261;1,110078661;1,022887034;0,994248787;0,698834057;1,055526678;1,009218897;148,9260362;114,6142538;124,0032642;127,1595295;-0,003055828;-0,013264612;-0,005081833;-0,011003063;94,48296582;98,34550763;92,28496868;65,72422604;103,799273;93,138041
45627;2024;Diciembre;148,5668159;109,5509705;122,4755562;122,4906361;1,017779019;0,882103731;1,038725618;0,976329198;0,98519384;0,800334998;0,996426639;0,968322059;150,7995787;136,8813945;122,914775;126,4978268;0,012580356;0,194278983;-0,008777908;-0,00520372;112,8390204;97,48223985;91,80474352;89,89365054;97,1273188;88,89875997
45658;2025;Enero;146,2941259;91,77022612;106,9219228;134,1112753;0,954688145;0,609889535;0,916741627;1,017118111;0,93275271;0,598682828;0,884380624;1,003859698;156,8412768;153,2868854;120,9003453;133,5956365;0,040064423;0,119851869;-0,016388833;0,056110131;126,3629878;95,88461971;96,9559197;75,30340075;84,79275378;97,33255087
45689;2025;Febrero;141,201463;74,99154973;107,915644;131,0733905;0,921454378;0,498381266;0,925261728;0,994078381;0,909107014;0,582474697;0,87285171;1,002986986;155,3188578;128,7464506;123,6357136;130,6830421;-0,00970675;-0,16009481;0,022624983;-0,021801569;106,1329293;98,05400763;94,84212858;61,53541253;85,58080882;95,12777672
45717;2025;Marzo;150,4089414;147,8635295;115,9531943;132,6512275;0,981540663;0,982676225;0,994175162;1,006044911;1,011434063;1,119287133;1,000560165;1,01833225;148,7085979;132,1050919;115,8882777;130,2632098;-0,042559287;0,026087254;-0,062663414;-0,003212599;108,9016459;91,90960875;94,53743883;121,331581;91,95486199;96,27290717
45748;2025;Abril;158,7516256;212,4545049;118,5185477;133,4669401;1,035983462;1,411937017;1,016170337;1,012231385;1,032277334;1,626131642;0,979991785;0,951554504;153,7877666;130,6502496;120,9383074;140,2620024;0,034155178;-0,011012765;0,043576708;0,076758377;107,7023377;95,91472697;101,7939792;174,3326501;93,98927531;96,8649184
45778;2025;Mayo;164,7437935;282,8661086;120,7476296;122,4121691;1,075087231;1,879880729;1,03528234;0,928390502;1,108162712;2,318481742;1,015075982;0,969717968;148,6639027;122,0048894;118,954277;126,2348158;-0,03331776;-0,066171785;-0,016405309;-0,100007032;100,5754818;94,34121623;91,61386543;232,109921;95,75701371;88,84181178
45809;2025;Junio;156,3688314;196,628917;116,0936116;126,6408411;1,020433791;1,306762813;0,995379091;0,960461324;1,052380567;1,571597584;1,012665145;0,977632882;148,5858218;125,1140362;114,6416584;129,5382381;-0,000525217;0,025483788;-0,036254423;0,026168869;103,1385261;90,92092989;94,01129668;161,3467326;92,06621774;91,91081123
45839;2025;Julio;154,066034;118,897208;124,6157118;134,4048515;1,005406166;0,790170909;1,068447025;1,019344633;1,007125346;0,89095642;1,028525315;1,012089485;152,9760269;133,4489604;121,1595961;132,7993755;0,029546595;0,066618618;0,05685488;0,025175094;110,0094722;96,09022842;96,37803994;97,56284238;98,82453562;97,54561668
45870;2025;Agosto;154,066034;78,28989363;122,2942181;140,072751;1,005406166;0,520301506;1,04854269;1,062330752;0,992816092;0,594044722;1,045146999;1,048877335;155,1808388;131,7912451;117,0115;133,5454074;0,014412794;-0,012422092;-0,034236628;0,005617737;108,6429244;92,80042297;96,91946638;64,24191684;96,98351152;101,6591494
